0.98000000,514.50000000,294.00000000,110.25000000,7.00000000,2.00000000,0.00000000,0.00000000,15.55000000
0.98000000,514.50000000,294.00000000,110.25000000,7.00000000,3.00000000,0.00000000,0.00000000,15.55000000
0.98000000,514.50000000,294.00000000,110.25000000,7.00000000,4.00000000,0.00000000,0.00000000,15.55000000
0.98000000,514.50000000,294.00000000,110.25000000,7.00000000,5.00000000,0.00000000,0.00000000,15.55000000
0.90000000,563.50000000,318.50000000,122.50000000,7.00000000,2.00000000,0.00000000,0.00000000,20.84000000
0.90000000,563.50000000,318.50000000,122.50000000,7.00000000,3.00000000,0.00000000,0.00000000,21.46000000
0.90000000,563.50000000,318.50000000,122.50000000,7.00000000,4.00000000,0.00000000,0.00000000,20.71000000
0.90000000,563.50000000,318.50000000,122.50000000,7.00000000,5.00000000,0.00000000,0.00000000,19.68000000
0.86000000,588.00000000,294.00000000,147.00000000,7.00000000,2.00000000,0.00000000,0.00000000,19.50000000
0.86000000,588.00000000,294.00000000,147.00000000,7.00000000,3.00000000,0.00000000,0.00000000,19.95000000
0.86000000,588.00000000,294.00000000,147.00000000,7.00000000,4.00000000,0.00000000,0.00000000,19.34000000
0.86000000,588.00000000,294.00000000,147.00000000,7.00000000,5.00000000,0.00000000,0.00000000,18.31000000
0.82000000,612.50000000,318.50000000,147.00000000,7.00000000,2.00000000,0.00000000,0.00000000,17.05000000
0.82000000,612.50000000,318.50000000,147.00000000,7.00000000,3.00000000,0.00000000,0.00000000,17.41000000
0.82000000,612.50000000,318.50000000,147.00000000,7.00000000,4.00000000,0.00000000,0.00000000,16.95000000
0.82000000,612.50000000,318.50000000,147.00000000,7.00000000,5.00000000,0.00000000,0.00000000,15.98000000
0.79000000,637.00000000,343.00000000,147.00000000,7.00000000,2.00000000,0.00000000,0.00000000,28.52000000
0.79000000,637.00000000,343.00000000,147.00000000,7.00000000,3.00000000,0.00000000,0.00000000,29.90000000
0.79000000,637.00000000,343.00000000,147.00000000,7.00000000,4.00000000,0.00000000,0.00000000,29.63000000
0.79000000,637.00000000,343.00000000,147.00000000,7.00000000,5.00000000,0.00000000,0.00000000,28.75000000
0.76000000,661.50000000,416.50000000,122.50000000,7.00000000,2.00000000,0.00000000,0.00000000,24.77000000
0.76000000,661.50000000,416.50000000,122.50000000,7.00000000,3.00000000,0.00000000,0.00000000,23.93000000
0.76000000,661.50000000,416.50000000,122.50000000,7.00000000,4.00000000,0.00000000,0.00000000,24.77000000
0.76000000,661.50000000,416.50000000,122.50000000,7.00000000,5.00000000,0.00000000,0.00000000,23.93000000
0.74000000,686.00000000,245.00000000,220.50000000,3.50000000,2.00000000,0.00000000,0.00000000,6.07000000
0.74000000,686.00000000,245.00000000,220.50000000,3.50000000,3.00000000,0.00000000,0.00000000,6.05000000
0.74000000,686.00000000,245.00000000,220.50000000,3.50000000,4.00000000,0.00000000,0.00000000,6.01000000
0.74000000,686.00000000,245.00000000,220.50000000,3.50000000,5.00000000,0.00000000,0.00000000,6.04000000
0.71000000,710.50000000,269.50000000,220.50000000,3.50000000,2.00000000,0.00000000,0.00000000,6.37000000
0.71000000,710.50000000,269.50000000,220.50000000,3.50000000,3.00000000,0.00000000,0.00000000,6.40000000
0.71000000,710.50000000,269.50000000,220.50000000,3.50000000,4.00000000,0.00000000,0.00000000,6.36600000
0.71000000,710.50000000,269.50000000,220.50000000,3.50000000,5.00000000,0.00000000,0.00000000,6.40000000
0.69000000,735.00000000,294.00000000,220.50000000,3.50000000,2.00000000,0.00000000,0.00000000,6.85000000
0.69000000,735.00000000,294.00000000,220.50000000,3.50000000,3.00000000,0.00000000,0.00000000,6.79000000
0.69000000,735.00000000,294.00000000,220.50000000,3.50000000,4.00000000,0.00000000,0.00000000,6.77000000
0.69000000,735.00000000,294.00000000,220.50000000,3.50000000,5.00000000,0.00000000,0.00000000,6.81000000
0.66000000,759.50000000,318.50000000,220.50000000,3.50000000,2.00000000,0.00000000,0.00000000,7.18000000
0.66000000,759.50000000,318.50000000,220.50000000,3.50000000,3.00000000,0.00000000,0.00000000,7.10000000
0.66000000,759.50000000,318.50000000,220.50000000,3.50000000,4.00000000,0.00000000,0.00000000,7.10000000
0.66000000,759.50000000,318.50000000,220.50000000,3.50000000,5.00000000,0.00000000,0.00000000,7.10000000
0.64000000,784.00000000,343.00000000,220.50000000,3.50000000,2.00000000,0.00000000,0.00000000,10.85000000
0.64000000,784.00000000,343.00000000,220.50000000,3.50000000,3.00000000,0.00000000,0.00000000,10.54000000
0.64000000,784.00000000,343.00000000,220.50000000,3.50000000,4.00000000,0.00000000,0.00000000,10.77000000
0.64000000,784.00000000,343.00000000,220.50000000,3.50000000,5.00000000,0.00000000,0.00000000,10.56000000
0.62000000,808.50000000,367.50000000,220.50000000,3.50000000,2.00000000,0.00000000,0.00000000,8.60000000
0.62000000,808.50000000,367.50000000,220.50000000,3.50000000,3.00000000,0.00000000,0.00000000,8.49000000
0.62000000,808.50000000,367.50000000,220.50000000,3.50000000,4.00000000,0.00000000,0.00000000,8.45000000
0.62000000,808.50000000,367.50000000,220.50000000,3.50000000,5.00000000,0.00000000,0.00000000,8.50000000
0.98000000,514.50000000,294.00000000,110.25000000,7.00000000,2.00000000,0.10000000,1.00000000,24.58000000
0.98000000,514.50000000,294.00000000,110.25000000,7.00000000,3.00000000,0.10000000,1.00000000,24.63000000
0.98000000,514.50000000,294.00000000,110.25000000,7.00000000,4.00000000,0.10000000,1.00000000,24.63000000
0.98000000,514.50000000,294.00000000,110.25000000,7.00000000,5.00000000,0.10000000,1.00000000,24.59000000
0.90000000,563.50000000,318.50000000,122.50000000,7.00000000,2.00000000,0.10000000,1.00000000,29.03000000
0.90000000,563.50000000,318.50000000,122.50000000,7.00000000,3.00000000,0.10000000,1.00000000,29.87000000
0.90000000,563.50000000,318.50000000,122.50000000,7.00000000,4.00000000,0.10000000,1.00000000,29.14000000
0.90000000,563.50000000,318.50000000,122.50000000,7.00000000,5.00000000,0.10000000,1.00000000,28.09000000
0.86000000,588.00000000,294.00000000,147.00000000,7.00000000,2.00000000,0.10000000,1.00000000,26.28000000
0.86000000,588.00000000,294.00000000,147.00000000,7.00000000,3.00000000,0.10000000,1.00000000,26.91000000
0.86000000,588.00000000,294.00000000,147.00000000,7.00000000,4.00000000,0.10000000,1.00000000,26.37000000
0.86000000,588.00000000,294.00000000,147.00000000,7.00000000,5.00000000,0.10000000,1.00000000,25.27000000
0.82000000,612.50000000,318.50000000,147.00000000,7.00000000,2.00000000,0.10000000,1.00000000,23.53000000
0.82000000,612.50000000,318.50000000,147.00000000,7.00000000,3.00000000,0.10000000,1.00000000,24.03000000
0.82000000,612.50000000,318.50000000,147.00000000,7.00000000,4.00000000,0.10000000,1.00000000,23.54000000
0.82000000,612.50000000,318.50000000,147.00000000,7.00000000,5.00000000,0.10000000,1.00000000,22.58000000
0.79000000,637.00000000,343.00000000,147.00000000,7.00000000,2.00000000,0.10000000,1.00000000,35.56000000
0.79000000,637.00000000,343.00000000,147.00000000,7.00000000,3.00000000,0.10000000,1.00000000,37.12000000
0.79000000,637.00000000,343.00000000,147.00000000,7.00000000,4.00000000,0.10000000,1.00000000,36.90000000
0.79000000,637.00000000,343.00000000,147.00000000,7.00000000,5.00000000,0.10000000,1.00000000,35.94000000
0.76000000,661.50000000,416.50000000,122.50000000,7.00000000,2.00000000,0.10000000,1.00000000,32.96000000
0.76000000,661.50000000,416.50000000,122.50000000,7.00000000,3.00000000,0.10000000,1.00000000,32.12000000
0.76000000,661.50000000,416.50000000,122.50000000,7.00000000,4.00000000,0.10000000,1.00000000,32.94000000
0.76000000,661.50000000,416.50000000,122.50000000,7.00000000,5.00000000,0.10000000,1.00000000,32.21000000
0.74000000,686.00000000,245.00000000,220.50000000,3.50000000,2.00000000,0.10000000,1.00000000,10.36000000
0.74000000,686.00000000,245.00000000,220.50000000,3.50000000,3.00000000,0.10000000,1.00000000,10.43000000
0.74000000,686.00000000,245.00000000,220.50000000,3.50000000,4.00000000,0.10000000,1.00000000,10.36000000
0.74000000,686.00000000,245.00000000,220.50000000,3.50000000,5.00000000,0.10000000,1.00000000,10.39000000
0.71000000,710.50000000,269.50000000,220.50000000,3.50000000,2.00000000,0.10000000,1.00000000,10.71000000
0.71000000,710.50000000,269.50000000,220.50000000,3.50000000,3.00000000,0.10000000,1.00000000,10.80000000
0.71000000,710.50000000,269.50000000,220.50000000,3.50000000,4.00000000,0.10000000,1.00000000,10.70000000
0.71000000,710.50000000,269.50000000,220.50000000,3.50000000,5.00000000,0.10000000,1.00000000,10.75000000
0.69000000,735.00000000,294.00000000,220.50000000,3.50000000,2.00000000,0.10000000,1.00000000,11.11000000
0.69000000,735.00000000,294.00000000,220.50000000,3.50000000,3.00000000,0.10000000,1.00000000,11.13000000
0.69000000,735.00000000,294.00000000,220.50000000,3.50000000,4.00000000,0.10000000,1.00000000,11.09000000
0.69000000,735.00000000,294.00000000,220.50000000,3.50000000,5.00000000,0.10000000,1.00000000,11.16000000
0.66000000,759.50000000,318.50000000,220.50000000,3.50000000,2.00000000,0.10000000,1.00000000,11.68000000
0.66000000,759.50000000,318.50000000,220.50000000,3.50000000,3.00000000,0.10000000,1.00000000,11.69000000
0.66000000,759.50000000,318.50000000,220.50000000,3.50000000,4.00000000,0.10000000,1.00000000,11.70000000
0.66000000,759.50000000,318.50000000,220.50000000,3.50000000,5.00000000,0.10000000,1.00000000,11.69000000
0.64000000,784.00000000,343.00000000,220.50000000,3.50000000,2.00000000,0.10000000,1.00000000,15.41000000
0.64000000,784.00000000,343.00000000,220.50000000,3.50000000,3.00000000,0.10000000,1.00000000,15.20000000
0.64000000,784.00000000,343.00000000,220.50000000,3.50000000,4.00000000,0.10000000,1.00000000,15.42000000
0.64000000,784.00000000,343.00000000,220.50000000,3.50000000,5.00000000,0.10000000,1.00000000,15.21000000
0.62000000,808.50000000,367.50000000,220.50000000,3.50000000,2.00000000,0.10000000,1.00000000,12.96000000
0.62000000,808.50000000,367.50000000,220.50000000,3.50000000,3.00000000,0.10000000,1.00000000,12.97000000
0.62000000,808.50000000,367.50000000,220.50000000,3.50000000,4.00000000,0.10000000,1.00000000,12.93000000
0.62000000,808.50000000,367.50000000,220.50000000,3.50000000,5.00000000,0.10000000,1.00000000,13.02000000
0.98000000,514.50000000,294.00000000,110.25000000,7.00000000,2.00000000,0.10000000,2.00000000,24.29000000
0.98000000,514.50000000,294.00000000,110.25000000,7.00000000,3.00000000,0.10000000,2.00000000,24.31000000
0.98000000,514.50000000,294.00000000,110.25000000,7.00000000,4.00000000,0.10000000,2.00000000,24.13000000
0.98000000,514.50000000,294.00000000,110.25000000,7.00000000,5.00000000,0.10000000,2.00000000,24.25000000
0.90000000,563.50000000,318.50000000,122.50000000,7.00000000,2.00000000,0.10000000,2.00000000,28.88000000
0.90000000,563.50000000,318.50000000,122.50000000,7.00000000,3.00000000,0.10000000,2.00000000,29.68000000
0.90000000,563.50000000,318.50000000,122.50000000,7.00000000,4.00000000,0.10000000,2.00000000,28.83000000
0.90000000,563.50000000,318.50000000,122.50000000,7.00000000,5.00000000,0.10000000,2.00000000,27.90000000
0.86000000,588.00000000,294.00000000,147.00000000,7.00000000,2.00000000,0.10000000,2.00000000,26.48000000
0.86000000,588.00000000,294.00000000,147.00000000,7.00000000,3.00000000,0.10000000,2.00000000,27.02000000
0.86000000,588.00000000,294.00000000,147.00000000,7.00000000,4.00000000,0.10000000,2.00000000,26.33000000
0.86000000,588.00000000,294.00000000,147.00000000,7.00000000,5.00000000,0.10000000,2.00000000,25.36000000
0.82000000,612.50000000,318.50000000,147.00000000,7.00000000,2.00000000,0.10000000,2.00000000,23.75000000
0.82000000,612.50000000,318.50000000,147.00000000,7.00000000,3.00000000,0.10000000,2.00000000,24.23000000
0.82000000,612.50000000,318.50000000,147.00000000,7.00000000,4.00000000,0.10000000,2.00000000,23.67000000
0.82000000,612.50000000,318.50000000,147.00000000,7.00000000,5.00000000,0.10000000,2.00000000,22.79000000
0.79000000,637.00000000,343.00000000,147.00000000,7.00000000,2.00000000,0.10000000,2.00000000,35.65000000
0.79000000,637.00000000,343.00000000,147.00000000,7.00000000,3.00000000,0.10000000,2.00000000,37.26000000
0.79000000,637.00000000,343.00000000,147.00000000,7.00000000,4.00000000,0.10000000,2.00000000,36.97000000
0.79000000,637.00000000,343.00000000,147.00000000,7.00000000,5.00000000,0.10000000,2.00000000,36.03000000
0.76000000,661.50000000,416.50000000,122.50000000,7.00000000,2.00000000,0.10000000,2.00000000,33.16000000
0.76000000,661.50000000,416.50000000,122.50000000,7.00000000,3.00000000,0.10000000,2.00000000,32.40000000
0.76000000,661.50000000,416.50000000,122.50000000,7.00000000,4.00000000,0.10000000,2.00000000,33.12000000
0.76000000,661.50000000,416.50000000,122.50000000,7.00000000,5.00000000,0.10000000,2.00000000,32.41000000
0.74000000,686.00000000,245.00000000,220.50000000,3.50000000,2.00000000,0.10000000,2.00000000,10.42000000
0.74000000,686.00000000,245.00000000,220.50000000,3.50000000,3.00000000,0.10000000,2.00000000,10.46000000
0.74000000,686.00000000,245.00000000,220.50000000,3.50000000,4.00000000,0.10000000,2.00000000,10.32000000
0.74000000,686.00000000,245.00000000,220.50000000,3.50000000,5.00000000,0.10000000,2.00000000,10.45000000
0.71000000,710.50000000,269.50000000,220.50000000,3.50000000,2.00000000,0.10000000,2.00000000,10.64000000
0.71000000,710.50000000,269.50000000,220.50000000,3.50000000,3.00000000,0.10000000,2.00000000,10.72000000
0.71000000,710.50000000,269.50000000,220.50000000,3.50000000,4.00000000,0.10000000,2.00000000,10.55000000
0.71000000,710.50000000,269.50000000,220.50000000,3.50000000,5.00000000,0.10000000,2.00000000,10.68000000
0.69000000,735.00000000,294.00000000,220.50000000,3.50000000,2.00000000,0.10000000,2.00000000,11.45000000
0.69000000,735.00000000,294.00000000,220.50000000,3.50000000,3.00000000,0.10000000,2.00000000,11.46000000
0.69000000,735.00000000,294.00000000,220.50000000,3.50000000,4.00000000,0.10000000,2.00000000,11.32000000
0.69000000,735.00000000,294.00000000,220.50000000,3.50000000,5.00000000,0.10000000,2.00000000,11.49000000
0.66000000,759.50000000,318.50000000,220.50000000,3.50000000,2.00000000,0.10000000,2.00000000,11.45000000
0.66000000,759.50000000,318.50000000,220.50000000,3.50000000,3.00000000,0.10000000,2.00000000,11.42000000
0.66000000,759.50000000,318.50000000,220.50000000,3.50000000,4.00000000,0.10000000,2.00000000,11.33000000
0.66000000,759.50000000,318.50000000,220.50000000,3.50000000,5.00000000,0.10000000,2.00000000,11.43000000
0.64000000,784.00000000,343.00000000,220.50000000,3.50000000,2.00000000,0.10000000,2.00000000,15.41000000
0.64000000,784.00000000,343.00000000,220.50000000,3.50000000,3.00000000,0.10000000,2.00000000,15.18000000
0.64000000,784.00000000,343.00000000,220.50000000,3.50000000,4.00000000,0.10000000,2.00000000,15.34000000
0.64000000,784.00000000,343.00000000,220.50000000,3.50000000,5.00000000,0.10000000,2.00000000,15.19000000
0.62000000,808.50000000,367.50000000,220.50000000,3.50000000,2.00000000,0.10000000,2.00000000,12.88000000
0.62000000,808.50000000,367.50000000,220.50000000,3.50000000,3.00000000,0.10000000,2.00000000,13.00000000
0.62000000,808.50000000,367.50000000,220.50000000,3.50000000,4.00000000,0.10000000,2.00000000,12.97000000
0.62000000,808.50000000,367.50000000,220.50000000,3.50000000,5.00000000,0.10000000,2.00000000,13.04000000
0.98000000,514.50000000,294.00000000,110.25000000,7.00000000,2.00000000,0.10000000,3.00000000,24.28000000
0.98000000,514.50000000,294.00000000,110.25000000,7.00000000,3.00000000,0.10000000,3.00000000,24.40000000
0.98000000,514.50000000,294.00000000,110.25000000,7.00000000,4.00000000,0.10000000,3.00000000,24.11000000
0.98000000,514.50000000,294.00000000,110.25000000,7.00000000,5.00000000,0.10000000,3.00000000,24.35000000
0.90000000,563.50000000,318.50000000,122.50000000,7.00000000,2.00000000,0.10000000,3.00000000,28.07000000
0.90000000,563.50000000,318.50000000,122.50000000,7.00000000,3.00000000,0.10000000,3.00000000,29.01000000
0.90000000,563.50000000,318.50000000,122.50000000,7.00000000,4.00000000,0.10000000,3.00000000,29.62000000
0.90000000,563.50000000,318.50000000,122.50000000,7.00000000,5.00000000,0.10000000,3.00000000,29.05000000
0.86000000,588.00000000,294.00000000,147.00000000,7.00000000,2.00000000,0.10000000,3.00000000,25.41000000
0.86000000,588.00000000,294.00000000,147.00000000,7.00000000,3.00000000,0.10000000,3.00000000,26.47000000
0.86000000,588.00000000,294.00000000,147.00000000,7.00000000,4.00000000,0.10000000,3.00000000,26.89000000
0.86000000,588.00000000,294.00000000,147.00000000,7.00000000,5.00000000,0.10000000,3.00000000,26.46000000
0.82000000,612.50000000,318.50000000,147.00000000,7.00000000,2.00000000,0.10000000,3.00000000,22.93000000
0.82000000,612.50000000,318.50000000,147.00000000,7.00000000,3.00000000,0.10000000,3.00000000,23.84000000
0.82000000,612.50000000,318.50000000,147.00000000,7.00000000,4.00000000,0.10000000,3.00000000,24.17000000
0.82000000,612.50000000,318.50000000,147.00000000,7.00000000,5.00000000,0.10000000,3.00000000,23.87000000
0.79000000,637.00000000,343.00000000,147.00000000,7.00000000,2.00000000,0.10000000,3.00000000,35.78000000
0.79000000,637.00000000,343.00000000,147.00000000,7.00000000,3.00000000,0.10000000,3.00000000,35.48000000
0.79000000,637.00000000,343.00000000,147.00000000,7.00000000,4.00000000,0.10000000,3.00000000,36.97000000
0.79000000,637.00000000,343.00000000,147.00000000,7.00000000,5.00000000,0.10000000,3.00000000,36.70000000
0.76000000,661.50000000,416.50000000,122.50000000,7.00000000,2.00000000,0.10000000,3.00000000,32.52000000
0.76000000,661.50000000,416.50000000,122.50000000,7.00000000,3.00000000,0.10000000,3.00000000,33.28000000
0.76000000,661.50000000,416.50000000,122.50000000,7.00000000,4.00000000,0.10000000,3.00000000,32.33000000
0.76000000,661.50000000,416.50000000,122.50000000,7.00000000,5.00000000,0.10000000,3.00000000,33.24000000
0.74000000,686.00000000,245.00000000,220.50000000,3.50000000,2.00000000,0.10000000,3.00000000,10.39000000
0.74000000,686.00000000,245.00000000,220.50000000,3.50000000,3.00000000,0.10000000,3.00000000,10.34000000
0.74000000,686.00000000,245.00000000,220.50000000,3.50000000,4.00000000,0.10000000,3.00000000,10.35000000
0.74000000,686.00000000,245.00000000,220.50000000,3.50000000,5.00000000,0.10000000,3.00000000,10.38000000
0.71000000,710.50000000,269.50000000,220.50000000,3.50000000,2.00000000,0.10000000,3.00000000,10.77000000
0.71000000,710.50000000,269.50000000,220.50000000,3.50000000,3.00000000,0.10000000,3.00000000,10.68000000
0.71000000,710.50000000,269.50000000,220.50000000,3.50000000,4.00000000,0.10000000,3.00000000,10.68000000
0.71000000,710.50000000,269.50000000,220.50000000,3.50000000,5.00000000,0.10000000,3.00000000,10.70000000
0.69000000,735.00000000,294.00000000,220.50000000,3.50000000,2.00000000,0.10000000,3.00000000,11.22000000
0.69000000,735.00000000,294.00000000,220.50000000,3.50000000,3.00000000,0.10000000,3.00000000,11.16000000
0.69000000,735.00000000,294.00000000,220.50000000,3.50000000,4.00000000,0.10000000,3.00000000,11.10000000
0.69000000,735.00000000,294.00000000,220.50000000,3.50000000,5.00000000,0.10000000,3.00000000,11.14000000
0.66000000,759.50000000,318.50000000,220.50000000,3.50000000,2.00000000,0.10000000,3.00000000,11.59000000
0.66000000,759.50000000,318.50000000,220.50000000,3.50000000,3.00000000,0.10000000,3.00000000,11.60000000
0.66000000,759.50000000,318.50000000,220.50000000,3.50000000,4.00000000,0.10000000,3.00000000,11.53000000
0.66000000,759.50000000,318.50000000,220.50000000,3.50000000,5.00000000,0.10000000,3.00000000,11.61000000
0.64000000,784.00000000,343.00000000,220.50000000,3.50000000,2.00000000,0.10000000,3.00000000,15.16000000
0.64000000,784.00000000,343.00000000,220.50000000,3.50000000,3.00000000,0.10000000,3.00000000,15.36000000
0.64000000,784.00000000,343.00000000,220.50000000,3.50000000,4.00000000,0.10000000,3.00000000,15.12000000
0.64000000,784.00000000,343.00000000,220.50000000,3.50000000,5.00000000,0.10000000,3.00000000,15.36000000
0.62000000,808.50000000,367.50000000,220.50000000,3.50000000,2.00000000,0.10000000,3.00000000,12.68000000
0.62000000,808.50000000,367.50000000,220.50000000,3.50000000,3.00000000,0.10000000,3.00000000,12.63000000
0.62000000,808.50000000,367.50000000,220.50000000,3.50000000,4.00000000,0.10000000,3.00000000,12.71000000
0.62000000,808.50000000,367.50000000,220.50000000,3.50000000,5.00000000,0.10000000,3.00000000,12.73000000
0.98000000,514.50000000,294.00000000,110.25000000,7.00000000,2.00000000,0.10000000,4.00000000,24.38000000
0.98000000,514.50000000,294.00000000,110.25000000,7.00000000,3.00000000,0.10000000,4.00000000,24.23000000
0.98000000,514.50000000,294.00000000,110.25000000,7.00000000,4.00000000,0.10000000,4.00000000,24.04000000
0.98000000,514.50000000,294.00000000,110.25000000,7.00000000,5.00000000,0.10000000,4.00000000,24.32000000
0.90000000,563.50000000,318.50000000,122.50000000,7.00000000,2.00000000,0.10000000,4.00000000,29.06000000
0.90000000,563.50000000,318.50000000,122.50000000,7.00000000,3.00000000,0.10000000,4.00000000,28.05000000
0.90000000,563.50000000,318.50000000,122.50000000,7.00000000,4.00000000,0.10000000,4.00000000,28.86000000
0.90000000,563.50000000,318.50000000,122.50000000,7.00000000,5.00000000,0.10000000,4.00000000,29.79000000
0.86000000,588.00000000,294.00000000,147.00000000,7.00000000,2.00000000,0.10000000,4.00000000,26.44000000
0.86000000,588.00000000,294.00000000,147.00000000,7.00000000,3.00000000,0.10000000,4.00000000,25.37000000
0.86000000,588.00000000,294.00000000,147.00000000,7.00000000,4.00000000,0.10000000,4.00000000,26.33000000
0.86000000,588.00000000,294.00000000,147.00000000,7.00000000,5.00000000,0.10000000,4.00000000,27.03000000
0.82000000,612.50000000,318.50000000,147.00000000,7.00000000,2.00000000,0.10000000,4.00000000,23.80000000
0.82000000,612.50000000,318.50000000,147.00000000,7.00000000,3.00000000,0.10000000,4.00000000,22.80000000
0.82000000,612.50000000,318.50000000,147.00000000,7.00000000,4.00000000,0.10000000,4.00000000,23.59000000
0.82000000,612.50000000,318.50000000,147.00000000,7.00000000,5.00000000,0.10000000,4.00000000,24.24000000
0.79000000,637.00000000,343.00000000,147.00000000,7.00000000,2.00000000,0.10000000,4.00000000,36.86000000
0.79000000,637.00000000,343.00000000,147.00000000,7.00000000,3.00000000,0.10000000,4.00000000,35.89000000
0.79000000,637.00000000,343.00000000,147.00000000,7.00000000,4.00000000,0.10000000,4.00000000,35.45000000
0.79000000,637.00000000,343.00000000,147.00000000,7.00000000,5.00000000,0.10000000,4.00000000,37.10000000
0.76000000,661.50000000,416.50000000,122.50000000,7.00000000,2.00000000,0.10000000,4.00000000,33.08000000
0.76000000,661.50000000,416.50000000,122.50000000,7.00000000,3.00000000,0.10000000,4.00000000,32.38000000
0.76000000,661.50000000,416.50000000,122.50000000,7.00000000,4.00000000,0.10000000,4.00000000,33.09000000
0.76000000,661.50000000,416.50000000,122.50000000,7.00000000,5.00000000,0.10000000,4.00000000,32.31000000
0.74000000,686.00000000,245.00000000,220.50000000,3.50000000,2.00000000,0.10000000,4.00000000,10.08000000
0.74000000,686.00000000,245.00000000,220.50000000,3.50000000,3.00000000,0.10000000,4.00000000,10.15000000
0.74000000,686.00000000,245.00000000,220.50000000,3.50000000,4.00000000,0.10000000,4.00000000,10.07000000
0.74000000,686.00000000,245.00000000,220.50000000,3.50000000,5.00000000,0.10000000,4.00000000,10.14000000
0.71000000,710.50000000,269.50000000,220.50000000,3.50000000,2.00000000,0.10000000,4.00000000,10.66000000
0.71000000,710.50000000,269.50000000,220.50000000,3.50000000,3.00000000,0.10000000,4.00000000,10.68000000
0.71000000,710.50000000,269.50000000,220.50000000,3.50000000,4.00000000,0.10000000,4.00000000,10.53000000
0.71000000,710.50000000,269.50000000,220.50000000,3.50000000,5.00000000,0.10000000,4.00000000,10.72000000
0.69000000,735.00000000,294.00000000,220.50000000,3.50000000,2.00000000,0.10000000,4.00000000,11.18000000
0.69000000,735.00000000,294.00000000,220.50000000,3.50000000,3.00000000,0.10000000,4.00000000,11.22000000
0.69000000,735.00000000,294.00000000,220.50000000,3.50000000,4.00000000,0.10000000,4.00000000,11.07000000
0.69000000,735.00000000,294.00000000,220.50000000,3.50000000,5.00000000,0.10000000,4.00000000,11.20000000
0.66000000,759.50000000,318.50000000,220.50000000,3.50000000,2.00000000,0.10000000,4.00000000,11.44000000
0.66000000,759.50000000,318.50000000,220.50000000,3.50000000,3.00000000,0.10000000,4.00000000,11.42000000
0.66000000,759.50000000,318.50000000,220.50000000,3.50000000,4.00000000,0.10000000,4.00000000,11.33000000
0.66000000,759.50000000,318.50000000,220.50000000,3.50000000,5.00000000,0.10000000,4.00000000,11.43000000
0.64000000,784.00000000,343.00000000,220.50000000,3.50000000,2.00000000,0.10000000,4.00000000,15.40000000
0.64000000,784.00000000,343.00000000,220.50000000,3.50000000,3.00000000,0.10000000,4.00000000,15.19000000
0.64000000,784.00000000,343.00000000,220.50000000,3.50000000,4.00000000,0.10000000,4.00000000,15.32000000
0.64000000,784.00000000,343.00000000,220.50000000,3.50000000,5.00000000,0.10000000,4.00000000,15.16000000
0.62000000,808.50000000,367.50000000,220.50000000,3.50000000,2.00000000,0.10000000,4.00000000,12.85000000
0.62000000,808.50000000,367.50000000,220.50000000,3.50000000,3.00000000,0.10000000,4.00000000,13.04000000
0.62000000,808.50000000,367.50000000,220.50000000,3.50000000,4.00000000,0.10000000,4.00000000,13.00000000
0.62000000,808.50000000,367.50000000,220.50000000,3.50000000,5.00000000,0.10000000,4.00000000,13.00000000
0.98000000,514.50000000,294.00000000,110.25000000,7.00000000,2.00000000,0.10000000,5.00000000,24.35000000
0.98000000,514.50000000,294.00000000,110.25000000,7.00000000,3.00000000,0.10000000,5.00000000,24.33000000
0.98000000,514.50000000,294.00000000,110.25000000,7.00000000,4.00000000,0.10000000,5.00000000,24.03000000
0.98000000,514.50000000,294.00000000,110.25000000,7.00000000,5.00000000,0.10000000,5.00000000,24.26000000
0.90000000,563.50000000,318.50000000,122.50000000,7.00000000,2.00000000,0.10000000,5.00000000,29.83000000
0.90000000,563.50000000,318.50000000,122.50000000,7.00000000,3.00000000,0.10000000,5.00000000,29.08000000
0.90000000,563.50000000,318.50000000,122.50000000,7.00000000,4.00000000,0.10000000,5.00000000,28.03000000
0.90000000,563.50000000,318.50000000,122.50000000,7.00000000,5.00000000,0.10000000,5.00000000,29.02000000
0.86000000,588.00000000,294.00000000,147.00000000,7.00000000,2.00000000,0.10000000,5.00000000,27.03000000
0.86000000,588.00000000,294.00000000,147.00000000,7.00000000,3.00000000,0.10000000,5.00000000,26.45000000
0.86000000,588.00000000,294.00000000,147.00000000,7.00000000,4.00000000,0.10000000,5.00000000,25.36000000
0.86000000,588.00000000,294.00000000,147.00000000,7.00000000,5.00000000,0.10000000,5.00000000,26.45000000
0.82000000,612.50000000,318.50000000,147.00000000,7.00000000,2.00000000,0.10000000,5.00000000,24.37000000
0.82000000,612.50000000,318.50000000,147.00000000,7.00000000,3.00000000,0.10000000,5.00000000,23.89000000
0.82000000,612.50000000,318.50000000,147.00000000,7.00000000,4.00000000,0.10000000,5.00000000,22.89000000
0.82000000,612.50000000,318.50000000,147.00000000,7.00000000,5.00000000,0.10000000,5.00000000,23.86000000
0.79000000,637.00000000,343.00000000,147.00000000,7.00000000,2.00000000,0.10000000,5.00000000,37.03000000
0.79000000,637.00000000,343.00000000,147.00000000,7.00000000,3.00000000,0.10000000,5.00000000,36.71000000
0.79000000,637.00000000,343.00000000,147.00000000,7.00000000,4.00000000,0.10000000,5.00000000,36.77000000
0.79000000,637.00000000,343.00000000,147.00000000,7.00000000,5.00000000,0.10000000,5.00000000,35.48000000
0.76000000,661.50000000,416.50000000,122.50000000,7.00000000,2.00000000,0.10000000,5.00000000,32.31000000
0.76000000,661.50000000,416.50000000,122.50000000,7.00000000,3.00000000,0.10000000,5.00000000,33.21000000
0.76000000,661.50000000,416.50000000,122.50000000,7.00000000,4.00000000,0.10000000,5.00000000,32.46000000
0.76000000,661.50000000,416.50000000,122.50000000,7.00000000,5.00000000,0.10000000,5.00000000,33.27000000
0.74000000,686.00000000,245.00000000,220.50000000,3.50000000,2.00000000,0.10000000,5.00000000,10.47000000
0.74000000,686.00000000,245.00000000,220.50000000,3.50000000,3.00000000,0.10000000,5.00000000,10.37000000
0.74000000,686.00000000,245.00000000,220.50000000,3.50000000,4.00000000,0.10000000,5.00000000,10.34000000
0.74000000,686.00000000,245.00000000,220.50000000,3.50000000,5.00000000,0.10000000,5.00000000,10.39000000
0.71000000,710.50000000,269.50000000,220.50000000,3.50000000,2.00000000,0.10000000,5.00000000,10.78000000
0.71000000,710.50000000,269.50000000,220.50000000,3.50000000,3.00000000,0.10000000,5.00000000,10.70000000
0.71000000,710.50000000,269.50000000,220.50000000,3.50000000,4.00000000,0.10000000,5.00000000,10.67000000
0.71000000,710.50000000,269.50000000,220.50000000,3.50000000,5.00000000,0.10000000,5.00000000,13.69000000
0.69000000,735.00000000,294.00000000,220.50000000,3.50000000,2.00000000,0.10000000,5.00000000,11.21000000
0.69000000,735.00000000,294.00000000,220.50000000,3.50000000,3.00000000,0.10000000,5.00000000,11.14000000
0.69000000,735.00000000,294.00000000,220.50000000,3.50000000,4.00000000,0.10000000,5.00000000,11.11000000
0.69000000,735.00000000,294.00000000,220.50000000,3.50000000,5.00000000,0.10000000,5.00000000,11.16000000
0.66000000,759.50000000,318.50000000,220.50000000,3.50000000,2.00000000,0.10000000,5.00000000,11.38000000
0.66000000,759.50000000,318.50000000,220.50000000,3.50000000,3.00000000,0.10000000,5.00000000,11.34000000
0.66000000,759.50000000,318.50000000,220.50000000,3.50000000,4.00000000,0.10000000,5.00000000,11.22000000
0.66000000,759.50000000,318.50000000,220.50000000,3.50000000,5.00000000,0.10000000,5.00000000,11.34000000
0.64000000,784.00000000,343.00000000,220.50000000,3.50000000,2.00000000,0.10000000,5.00000000,15.16000000
0.64000000,784.00000000,343.00000000,220.50000000,3.50000000,3.00000000,0.10000000,5.00000000,15.37000000
0.64000000,784.00000000,343.00000000,220.50000000,3.50000000,4.00000000,0.10000000,5.00000000,15.12000000
0.64000000,784.00000000,343.00000000,220.50000000,3.50000000,5.00000000,0.10000000,5.00000000,15.36000000
0.62000000,808.50000000,367.50000000,220.50000000,3.50000000,2.00000000,0.10000000,5.00000000,12.59000000
0.62000000,808.50000000,367.50000000,220.50000000,3.50000000,3.00000000,0.10000000,5.00000000,12.74000000
0.62000000,808.50000000,367.50000000,220.50000000,3.50000000,4.00000000,0.10000000,5.00000000,12.80000000
0.62000000,808.50000000,367.50000000,220.50000000,3.50000000,5.00000000,0.10000000,5.00000000,12.62000000
0.98000000,514.50000000,294.00000000,110.25000000,7.00000000,2.00000000,0.25000000,1.00000000,28.15000000
0.98000000,514.50000000,294.00000000,110.25000000,7.00000000,3.00000000,0.25000000,1.00000000,28.15000000
0.98000000,514.50000000,294.00000000,110.25000000,7.00000000,4.00000000,0.25000000,1.00000000,28.37000000
0.98000000,514.50000000,294.00000000,110.25000000,7.00000000,5.00000000,0.25000000,1.00000000,28.41000000
0.90000000,563.50000000,318.50000000,122.50000000,7.00000000,2.00000000,0.25000000,1.00000000,32.68000000
0.90000000,563.50000000,318.50000000,122.50000000,7.00000000,3.00000000,0.25000000,1.00000000,33.48000000
0.90000000,563.50000000,318.50000000,122.50000000,7.00000000,4.00000000,0.25000000,1.00000000,32.84000000
0.90000000,563.50000000,318.50000000,122.50000000,7.00000000,5.00000000,0.25000000,1.00000000,32.00000000
0.86000000,588.00000000,294.00000000,147.00000000,7.00000000,2.00000000,0.25000000,1.00000000,29.54000000
0.86000000,588.00000000,294.00000000,147.00000000,7.00000000,3.00000000,0.25000000,1.00000000,30.05000000
0.86000000,588.00000000,294.00000000,147.00000000,7.00000000,4.00000000,0.25000000,1.00000000,29.60000000
0.86000000,588.00000000,294.00000000,147.00000000,7.00000000,5.00000000,0.25000000,1.00000000,28.66000000
0.82000000,612.50000000,318.50000000,147.00000000,7.00000000,2.00000000,0.25000000,1.00000000,26.84000000
0.82000000,612.50000000,318.50000000,147.00000000,7.00000000,3.00000000,0.25000000,1.00000000,27.27000000
0.82000000,612.50000000,318.50000000,147.00000000,7.00000000,4.00000000,0.25000000,1.00000000,26.97000000
0.82000000,612.50000000,318.50000000,147.00000000,7.00000000,5.00000000,0.25000000,1.00000000,26.19000000
0.79000000,637.00000000,343.00000000,147.00000000,7.00000000,2.00000000,0.25000000,1.00000000,38.67000000
0.79000000,637.00000000,343.00000000,147.00000000,7.00000000,3.00000000,0.25000000,1.00000000,40.03000000
0.79000000,637.00000000,343.00000000,147.00000000,7.00000000,4.00000000,0.25000000,1.00000000,39.86000000
0.79000000,637.00000000,343.00000000,147.00000000,7.00000000,5.00000000,0.25000000,1.00000000,39.04000000
0.76000000,661.50000000,416.50000000,122.50000000,7.00000000,2.00000000,0.25000000,1.00000000,36.96000000
0.76000000,661.50000000,416.50000000,122.50000000,7.00000000,3.00000000,0.25000000,1.00000000,36.13000000
0.76000000,661.50000000,416.50000000,122.50000000,7.00000000,4.00000000,0.25000000,1.00000000,36.91000000
0.76000000,661.50000000,416.50000000,122.50000000,7.00000000,5.00000000,0.25000000,1.00000000,36.43000000
0.74000000,686.00000000,245.00000000,220.50000000,3.50000000,2.00000000,0.25000000,1.00000000,12.43000000
0.74000000,686.00000000,245.00000000,220.50000000,3.50000000,3.00000000,0.25000000,1.00000000,12.50000000
0.74000000,686.00000000,245.00000000,220.50000000,3.50000000,4.00000000,0.25000000,1.00000000,12.41000000
0.74000000,686.00000000,245.00000000,220.50000000,3.50000000,5.00000000,0.25000000,1.00000000,12.45000000
0.71000000,710.50000000,269.50000000,220.50000000,3.50000000,2.00000000,0.25000000,1.00000000,12.57000000
0.71000000,710.50000000,269.50000000,220.50000000,3.50000000,3.00000000,0.25000000,1.00000000,12.65000000
0.71000000,710.50000000,269.50000000,220.50000000,3.50000000,4.00000000,0.25000000,1.00000000,12.57000000
0.71000000,710.50000000,269.50000000,220.50000000,3.50000000,5.00000000,0.25000000,1.00000000,12.63000000
0.69000000,735.00000000,294.00000000,220.50000000,3.50000000,2.00000000,0.25000000,1.00000000,12.78000000
0.69000000,735.00000000,294.00000000,220.50000000,3.50000000,3.00000000,0.25000000,1.00000000,12.93000000
0.69000000,735.00000000,294.00000000,220.50000000,3.50000000,4.00000000,0.25000000,1.00000000,12.73000000
0.69000000,735.00000000,294.00000000,220.50000000,3.50000000,5.00000000,0.25000000,1.00000000,12.72000000
0.66000000,759.50000000,318.50000000,220.50000000,3.50000000,2.00000000,0.25000000,1.00000000,13.17000000
0.66000000,759.50000000,318.50000000,220.50000000,3.50000000,3.00000000,0.25000000,1.00000000,13.18000000
0.66000000,759.50000000,318.50000000,220.50000000,3.50000000,4.00000000,0.25000000,1.00000000,13.17000000
0.66000000,759.50000000,318.50000000,220.50000000,3.50000000,5.00000000,0.25000000,1.00000000,13.18000000
0.64000000,784.00000000,343.00000000,220.50000000,3.50000000,2.00000000,0.25000000,1.00000000,17.50000000
0.64000000,784.00000000,343.00000000,220.50000000,3.50000000,3.00000000,0.25000000,1.00000000,17.35000000
0.64000000,784.00000000,343.00000000,220.50000000,3.50000000,4.00000000,0.25000000,1.00000000,17.52000000
0.64000000,784.00000000,343.00000000,220.50000000,3.50000000,5.00000000,0.25000000,1.00000000,17.37000000
0.62000000,808.50000000,367.50000000,220.50000000,3.50000000,2.00000000,0.25000000,1.00000000,15.09000000
0.62000000,808.50000000,367.50000000,220.50000000,3.50000000,3.00000000,0.25000000,1.00000000,15.12000000
0.62000000,808.50000000,367.50000000,220.50000000,3.50000000,4.00000000,0.25000000,1.00000000,15.08000000
0.62000000,808.50000000,367.50000000,220.50000000,3.50000000,5.00000000,0.25000000,1.00000000,15.16000000
0.98000000,514.50000000,294.00000000,110.25000000,7.00000000,2.00000000,0.25000000,2.00000000,28.67000000
0.98000000,514.50000000,294.00000000,110.25000000,7.00000000,3.00000000,0.25000000,2.00000000,28.57000000
0.98000000,514.50000000,294.00000000,110.25000000,7.00000000,4.00000000,0.25000000,2.00000000,28.18000000
0.98000000,514.50000000,294.00000000,110.25000000,7.00000000,5.00000000,0.25000000,2.00000000,28.60000000
0.90000000,563.50000000,318.50000000,122.50000000,7.00000000,2.00000000,0.25000000,2.00000000,32.46000000
0.90000000,563.50000000,318.50000000,122.50000000,7.00000000,3.00000000,0.25000000,2.00000000,33.27000000
0.90000000,563.50000000,318.50000000,122.50000000,7.00000000,4.00000000,0.25000000,2.00000000,32.33000000
0.90000000,563.50000000,318.50000000,122.50000000,7.00000000,5.00000000,0.25000000,2.00000000,31.66000000
0.86000000,588.00000000,294.00000000,147.00000000,7.00000000,2.00000000,0.25000000,2.00000000,29.34000000
0.86000000,588.00000000,294.00000000,147.00000000,7.00000000,3.00000000,0.25000000,2.00000000,29.87000000
0.86000000,588.00000000,294.00000000,147.00000000,7.00000000,4.00000000,0.25000000,2.00000000,29.27000000
0.86000000,588.00000000,294.00000000,147.00000000,7.00000000,5.00000000,0.25000000,2.00000000,28.40000000
0.82000000,612.50000000,318.50000000,147.00000000,7.00000000,2.00000000,0.25000000,2.00000000,25.74000000
0.82000000,612.50000000,318.50000000,147.00000000,7.00000000,3.00000000,0.25000000,2.00000000,25.98000000
0.82000000,612.50000000,318.50000000,147.00000000,7.00000000,4.00000000,0.25000000,2.00000000,25.38000000
0.82000000,612.50000000,318.50000000,147.00000000,7.00000000,5.00000000,0.25000000,2.00000000,24.94000000
0.79000000,637.00000000,343.00000000,147.00000000,7.00000000,2.00000000,0.25000000,2.00000000,38.57000000
0.79000000,637.00000000,343.00000000,147.00000000,7.00000000,3.00000000,0.25000000,2.00000000,40.19000000
0.79000000,637.00000000,343.00000000,147.00000000,7.00000000,4.00000000,0.25000000,2.00000000,39.97000000
0.79000000,637.00000000,343.00000000,147.00000000,7.00000000,5.00000000,0.25000000,2.00000000,38.98000000
0.76000000,661.50000000,416.50000000,122.50000000,7.00000000,2.00000000,0.25000000,2.00000000,36.95000000
0.76000000,661.50000000,416.50000000,122.50000000,7.00000000,3.00000000,0.25000000,2.00000000,36.28000000
0.76000000,661.50000000,416.50000000,122.50000000,7.00000000,4.00000000,0.25000000,2.00000000,36.86000000
0.76000000,661.50000000,416.50000000,122.50000000,7.00000000,5.00000000,0.25000000,2.00000000,36.45000000
0.74000000,686.00000000,245.00000000,220.50000000,3.50000000,2.00000000,0.25000000,2.00000000,12.35000000
0.74000000,686.00000000,245.00000000,220.50000000,3.50000000,3.00000000,0.25000000,2.00000000,12.45000000
0.74000000,686.00000000,245.00000000,220.50000000,3.50000000,4.00000000,0.25000000,2.00000000,12.16000000
0.74000000,686.00000000,245.00000000,220.50000000,3.50000000,5.00000000,0.25000000,2.00000000,12.30000000
0.71000000,710.50000000,269.50000000,220.50000000,3.50000000,2.00000000,0.25000000,2.00000000,12.33000000
0.71000000,710.50000000,269.50000000,220.50000000,3.50000000,3.00000000,0.25000000,2.00000000,12.29000000
0.71000000,710.50000000,269.50000000,220.50000000,3.50000000,4.00000000,0.25000000,2.00000000,12.20000000
0.71000000,710.50000000,269.50000000,220.50000000,3.50000000,5.00000000,0.25000000,2.00000000,12.49000000
0.69000000,735.00000000,294.00000000,220.50000000,3.50000000,2.00000000,0.25000000,2.00000000,12.85000000
0.69000000,735.00000000,294.00000000,220.50000000,3.50000000,3.00000000,0.25000000,2.00000000,12.87000000
0.69000000,735.00000000,294.00000000,220.50000000,3.50000000,4.00000000,0.25000000,2.00000000,12.73000000
0.69000000,735.00000000,294.00000000,220.50000000,3.50000000,5.00000000,0.25000000,2.00000000,12.95000000
0.66000000,759.50000000,318.50000000,220.50000000,3.50000000,2.00000000,0.25000000,2.00000000,13.05000000
0.66000000,759.50000000,318.50000000,220.50000000,3.50000000,3.00000000,0.25000000,2.00000000,12.93000000
0.66000000,759.50000000,318.50000000,220.50000000,3.50000000,4.00000000,0.25000000,2.00000000,12.77000000
0.66000000,759.50000000,318.50000000,220.50000000,3.50000000,5.00000000,0.25000000,2.00000000,13.00000000
0.64000000,784.00000000,343.00000000,220.50000000,3.50000000,2.00000000,0.25000000,2.00000000,17.14000000
0.64000000,784.00000000,343.00000000,220.50000000,3.50000000,3.00000000,0.25000000,2.00000000,16.84000000
0.64000000,784.00000000,343.00000000,220.50000000,3.50000000,4.00000000,0.25000000,2.00000000,17.02000000
0.64000000,784.00000000,343.00000000,220.50000000,3.50000000,5.00000000,0.25000000,2.00000000,17.11000000
0.62000000,808.50000000,367.50000000,220.50000000,3.50000000,2.00000000,0.25000000,2.00000000,14.34000000
0.62000000,808.50000000,367.50000000,220.50000000,3.50000000,3.00000000,0.25000000,2.00000000,14.66000000
0.62000000,808.50000000,367.50000000,220.50000000,3.50000000,4.00000000,0.25000000,2.00000000,14.60000000
0.62000000,808.50000000,367.50000000,220.50000000,3.50000000,5.00000000,0.25000000,2.00000000,14.60000000
0.98000000,514.50000000,294.00000000,110.25000000,7.00000000,2.00000000,0.25000000,3.00000000,28.67000000
0.98000000,514.50000000,294.00000000,110.25000000,7.00000000,3.00000000,0.25000000,3.00000000,28.56000000
0.98000000,514.50000000,294.00000000,110.25000000,7.00000000,4.00000000,0.25000000,3.00000000,28.17000000
0.98000000,514.50000000,294.00000000,110.25000000,7.00000000,5.00000000,0.25000000,3.00000000,28.63000000
0.90000000,563.50000000,318.50000000,122.50000000,7.00000000,2.00000000,0.25000000,3.00000000,31.63000000
0.90000000,563.50000000,318.50000000,122.50000000,7.00000000,3.00000000,0.25000000,3.00000000,32.40000000
0.90000000,563.50000000,318.50000000,122.50000000,7.00000000,4.00000000,0.25000000,3.00000000,32.68000000
0.90000000,563.50000000,318.50000000,122.50000000,7.00000000,5.00000000,0.25000000,3.00000000,32.29000000
0.86000000,588.00000000,294.00000000,147.00000000,7.00000000,2.00000000,0.25000000,3.00000000,28.40000000
0.86000000,588.00000000,294.00000000,147.00000000,7.00000000,3.00000000,0.25000000,3.00000000,29.40000000
0.86000000,588.00000000,294.00000000,147.00000000,7.00000000,4.00000000,0.25000000,3.00000000,29.43000000
0.86000000,588.00000000,294.00000000,147.00000000,7.00000000,5.00000000,0.25000000,3.00000000,29.07000000
0.82000000,612.50000000,318.50000000,147.00000000,7.00000000,2.00000000,0.25000000,3.00000000,24.70000000
0.82000000,612.50000000,318.50000000,147.00000000,7.00000000,3.00000000,0.25000000,3.00000000,25.48000000
0.82000000,612.50000000,318.50000000,147.00000000,7.00000000,4.00000000,0.25000000,3.00000000,25.37000000
0.82000000,612.50000000,318.50000000,147.00000000,7.00000000,5.00000000,0.25000000,3.00000000,25.17000000
0.79000000,637.00000000,343.00000000,147.00000000,7.00000000,2.00000000,0.25000000,3.00000000,39.04000000
0.79000000,637.00000000,343.00000000,147.00000000,7.00000000,3.00000000,0.25000000,3.00000000,38.35000000
0.79000000,637.00000000,343.00000000,147.00000000,7.00000000,4.00000000,0.25000000,3.00000000,39.81000000
0.79000000,637.00000000,343.00000000,147.00000000,7.00000000,5.00000000,0.25000000,3.00000000,39.83000000
0.76000000,661.50000000,416.50000000,122.50000000,7.00000000,2.00000000,0.25000000,3.00000000,35.99000000
0.76000000,661.50000000,416.50000000,122.50000000,7.00000000,3.00000000,0.25000000,3.00000000,36.59000000
0.76000000,661.50000000,416.50000000,122.50000000,7.00000000,4.00000000,0.25000000,3.00000000,35.64000000
0.76000000,661.50000000,416.50000000,122.50000000,7.00000000,5.00000000,0.25000000,3.00000000,36.52000000
0.74000000,686.00000000,245.00000000,220.50000000,3.50000000,2.00000000,0.25000000,3.00000000,11.80000000
0.74000000,686.00000000,245.00000000,220.50000000,3.50000000,3.00000000,0.25000000,3.00000000,12.03000000
0.74000000,686.00000000,245.00000000,220.50000000,3.50000000,4.00000000,0.25000000,3.00000000,11.98000000
0.74000000,686.00000000,245.00000000,220.50000000,3.50000000,5.00000000,0.25000000,3.00000000,11.69000000
0.71000000,710.50000000,269.50000000,220.50000000,3.50000000,2.00000000,0.25000000,3.00000000,12.41000000
0.71000000,710.50000000,269.50000000,220.50000000,3.50000000,3.00000000,0.25000000,3.00000000,12.28000000
0.71000000,710.50000000,269.50000000,220.50000000,3.50000000,4.00000000,0.25000000,3.00000000,12.10000000
0.71000000,710.50000000,269.50000000,220.50000000,3.50000000,5.00000000,0.25000000,3.00000000,12.19000000
0.69000000,735.00000000,294.00000000,220.50000000,3.50000000,2.00000000,0.25000000,3.00000000,12.34000000
0.69000000,735.00000000,294.00000000,220.50000000,3.50000000,3.00000000,0.25000000,3.00000000,12.46000000
0.69000000,735.00000000,294.00000000,220.50000000,3.50000000,4.00000000,0.25000000,3.00000000,12.31000000
0.69000000,735.00000000,294.00000000,220.50000000,3.50000000,5.00000000,0.25000000,3.00000000,12.12000000
0.66000000,759.50000000,318.50000000,220.50000000,3.50000000,2.00000000,0.25000000,3.00000000,12.97000000
0.66000000,759.50000000,318.50000000,220.50000000,3.50000000,3.00000000,0.25000000,3.00000000,13.01000000
0.66000000,759.50000000,318.50000000,220.50000000,3.50000000,4.00000000,0.25000000,3.00000000,12.74000000
0.66000000,759.50000000,318.50000000,220.50000000,3.50000000,5.00000000,0.25000000,3.00000000,12.84000000
0.64000000,784.00000000,343.00000000,220.50000000,3.50000000,2.00000000,0.25000000,3.00000000,16.83000000
0.64000000,784.00000000,343.00000000,220.50000000,3.50000000,3.00000000,0.25000000,3.00000000,16.93000000
0.64000000,784.00000000,343.00000000,220.50000000,3.50000000,4.00000000,0.25000000,3.00000000,16.66000000
0.64000000,784.00000000,343.00000000,220.50000000,3.50000000,5.00000000,0.25000000,3.00000000,16.86000000
0.62000000,808.50000000,367.50000000,220.50000000,3.50000000,2.00000000,0.25000000,3.00000000,13.91000000
0.62000000,808.50000000,367.50000000,220.50000000,3.50000000,3.00000000,0.25000000,3.00000000,14.34000000
0.62000000,808.50000000,367.50000000,220.50000000,3.50000000,4.00000000,0.25000000,3.00000000,13.95000000
0.62000000,808.50000000,367.50000000,220.50000000,3.50000000,5.00000000,0.25000000,3.00000000,13.99000000
0.98000000,514.50000000,294.00000000,110.25000000,7.00000000,2.00000000,0.25000000,4.00000000,28.70000000
0.98000000,514.50000000,294.00000000,110.25000000,7.00000000,3.00000000,0.25000000,4.00000000,28.55000000
0.98000000,514.50000000,294.00000000,110.25000000,7.00000000,4.00000000,0.25000000,4.00000000,28.15000000
0.98000000,514.50000000,294.00000000,110.25000000,7.00000000,5.00000000,0.25000000,4.00000000,28.62000000
0.90000000,563.50000000,318.50000000,122.50000000,7.00000000,2.00000000,0.25000000,4.00000000,32.67000000
0.90000000,563.50000000,318.50000000,122.50000000,7.00000000,3.00000000,0.25000000,4.00000000,31.69000000
0.90000000,563.50000000,318.50000000,122.50000000,7.00000000,4.00000000,0.25000000,4.00000000,32.07000000
0.90000000,563.50000000,318.50000000,122.50000000,7.00000000,5.00000000,0.25000000,4.00000000,33.28000000
0.86000000,588.00000000,294.00000000,147.00000000,7.00000000,2.00000000,0.25000000,4.00000000,29.47000000
0.86000000,588.00000000,294.00000000,147.00000000,7.00000000,3.00000000,0.25000000,4.00000000,28.42000000
0.86000000,588.00000000,294.00000000,147.00000000,7.00000000,4.00000000,0.25000000,4.00000000,29.08000000
0.86000000,588.00000000,294.00000000,147.00000000,7.00000000,5.00000000,0.25000000,4.00000000,29.88000000
0.82000000,612.50000000,318.50000000,147.00000000,7.00000000,2.00000000,0.25000000,4.00000000,25.66000000
0.82000000,612.50000000,318.50000000,147.00000000,7.00000000,3.00000000,0.25000000,4.00000000,24.96000000
0.82000000,612.50000000,318.50000000,147.00000000,7.00000000,4.00000000,0.25000000,4.00000000,25.43000000
0.82000000,612.50000000,318.50000000,147.00000000,7.00000000,5.00000000,0.25000000,4.00000000,26.00000000
0.79000000,637.00000000,343.00000000,147.00000000,7.00000000,2.00000000,0.25000000,4.00000000,40.00000000
0.79000000,637.00000000,343.00000000,147.00000000,7.00000000,3.00000000,0.25000000,4.00000000,38.84000000
0.79000000,637.00000000,343.00000000,147.00000000,7.00000000,4.00000000,0.25000000,4.00000000,38.33000000
0.79000000,637.00000000,343.00000000,147.00000000,7.00000000,5.00000000,0.25000000,4.00000000,40.12000000
0.76000000,661.50000000,416.50000000,122.50000000,7.00000000,2.00000000,0.25000000,4.00000000,36.95000000
0.76000000,661.50000000,416.50000000,122.50000000,7.00000000,3.00000000,0.25000000,4.00000000,36.45000000
0.76000000,661.50000000,416.50000000,122.50000000,7.00000000,4.00000000,0.25000000,4.00000000,36.81000000
0.76000000,661.50000000,416.50000000,122.50000000,7.00000000,5.00000000,0.25000000,4.00000000,36.26000000
0.74000000,686.00000000,245.00000000,220.50000000,3.50000000,2.00000000,0.25000000,4.00000000,12.32000000
0.74000000,686.00000000,245.00000000,220.50000000,3.50000000,3.00000000,0.25000000,4.00000000,12.30000000
0.74000000,686.00000000,245.00000000,220.50000000,3.50000000,4.00000000,0.25000000,4.00000000,12.18000000
0.74000000,686.00000000,245.00000000,220.50000000,3.50000000,5.00000000,0.25000000,4.00000000,12.43000000
0.71000000,710.50000000,269.50000000,220.50000000,3.50000000,2.00000000,0.25000000,4.00000000,12.36000000
0.71000000,710.50000000,269.50000000,220.50000000,3.50000000,3.00000000,0.25000000,4.00000000,12.49000000
0.71000000,710.50000000,269.50000000,220.50000000,3.50000000,4.00000000,0.25000000,4.00000000,12.17000000
0.71000000,710.50000000,269.50000000,220.50000000,3.50000000,5.00000000,0.25000000,4.00000000,12.28000000
0.69000000,735.00000000,294.00000000,220.50000000,3.50000000,2.00000000,0.25000000,4.00000000,12.91000000
0.69000000,735.00000000,294.00000000,220.50000000,3.50000000,3.00000000,0.25000000,4.00000000,12.95000000
0.69000000,735.00000000,294.00000000,220.50000000,3.50000000,4.00000000,0.25000000,4.00000000,12.67000000
0.69000000,735.00000000,294.00000000,220.50000000,3.50000000,5.00000000,0.25000000,4.00000000,12.86000000
0.66000000,759.50000000,318.50000000,220.50000000,3.50000000,2.00000000,0.25000000,4.00000000,12.95000000
0.66000000,759.50000000,318.50000000,220.50000000,3.50000000,3.00000000,0.25000000,4.00000000,13.00000000
0.66000000,759.50000000,318.50000000,220.50000000,3.50000000,4.00000000,0.25000000,4.00000000,12.86000000
0.66000000,759.50000000,318.50000000,220.50000000,3.50000000,5.00000000,0.25000000,4.00000000,12.92000000
0.64000000,784.00000000,343.00000000,220.50000000,3.50000000,2.00000000,0.25000000,4.00000000,16.99000000
0.64000000,784.00000000,343.00000000,220.50000000,3.50000000,3.00000000,0.25000000,4.00000000,16.69000000
0.64000000,784.00000000,343.00000000,220.50000000,3.50000000,4.00000000,0.25000000,4.00000000,16.56000000
0.64000000,784.00000000,343.00000000,220.50000000,3.50000000,5.00000000,0.25000000,4.00000000,16.62000000
0.62000000,808.50000000,367.50000000,220.50000000,3.50000000,2.00000000,0.25000000,4.00000000,14.33000000
0.62000000,808.50000000,367.50000000,220.50000000,3.50000000,3.00000000,0.25000000,4.00000000,14.61000000
0.62000000,808.50000000,367.50000000,220.50000000,3.50000000,4.00000000,0.25000000,4.00000000,14.61000000
0.62000000,808.50000000,367.50000000,220.50000000,3.50000000,5.00000000,0.25000000,4.00000000,14.65000000
0.98000000,514.50000000,294.00000000,110.25000000,7.00000000,2.00000000,0.25000000,5.00000000,28.69000000
0.98000000,514.50000000,294.00000000,110.25000000,7.00000000,3.00000000,0.25000000,5.00000000,28.58000000
0.98000000,514.50000000,294.00000000,110.25000000,7.00000000,4.00000000,0.25000000,5.00000000,28.15000000
0.98000000,514.50000000,294.00000000,110.25000000,7.00000000,5.00000000,0.25000000,5.00000000,28.61000000
0.90000000,563.50000000,318.50000000,122.50000000,7.00000000,2.00000000,0.25000000,5.00000000,33.13000000
0.90000000,563.50000000,318.50000000,122.50000000,7.00000000,3.00000000,0.25000000,5.00000000,32.31000000
0.90000000,563.50000000,318.50000000,122.50000000,7.00000000,4.00000000,0.25000000,5.00000000,31.53000000
0.90000000,563.50000000,318.50000000,122.50000000,7.00000000,5.00000000,0.25000000,5.00000000,32.46000000
0.86000000,588.00000000,294.00000000,147.00000000,7.00000000,2.00000000,0.25000000,5.00000000,29.71000000
0.86000000,588.00000000,294.00000000,147.00000000,7.00000000,3.00000000,0.25000000,5.00000000,29.09000000
0.86000000,588.00000000,294.00000000,147.00000000,7.00000000,4.00000000,0.25000000,5.00000000,28.31000000
0.86000000,588.00000000,294.00000000,147.00000000,7.00000000,5.00000000,0.25000000,5.00000000,29.39000000
0.82000000,612.50000000,318.50000000,147.00000000,7.00000000,2.00000000,0.25000000,5.00000000,25.70000000
0.82000000,612.50000000,318.50000000,147.00000000,7.00000000,3.00000000,0.25000000,5.00000000,25.17000000
0.82000000,612.50000000,318.50000000,147.00000000,7.00000000,4.00000000,0.25000000,5.00000000,24.60000000
0.82000000,612.50000000,318.50000000,147.00000000,7.00000000,5.00000000,0.25000000,5.00000000,25.49000000
0.79000000,637.00000000,343.00000000,147.00000000,7.00000000,2.00000000,0.25000000,5.00000000,39.89000000
0.79000000,637.00000000,343.00000000,147.00000000,7.00000000,3.00000000,0.25000000,5.00000000,39.83000000
0.79000000,637.00000000,343.00000000,147.00000000,7.00000000,4.00000000,0.25000000,5.00000000,39.01000000
0.79000000,637.00000000,343.00000000,147.00000000,7.00000000,5.00000000,0.25000000,5.00000000,38.65000000
0.76000000,661.50000000,416.50000000,122.50000000,7.00000000,2.00000000,0.25000000,5.00000000,35.69000000
0.76000000,661.50000000,416.50000000,122.50000000,7.00000000,3.00000000,0.25000000,5.00000000,36.64000000
0.76000000,661.50000000,416.50000000,122.50000000,7.00000000,4.00000000,0.25000000,5.00000000,36.06000000
0.76000000,661.50000000,416.50000000,122.50000000,7.00000000,5.00000000,0.25000000,5.00000000,36.70000000
0.74000000,686.00000000,245.00000000,220.50000000,3.50000000,2.00000000,0.25000000,5.00000000,12.12000000
0.74000000,686.00000000,245.00000000,220.50000000,3.50000000,3.00000000,0.25000000,5.00000000,11.67000000
0.74000000,686.00000000,245.00000000,220.50000000,3.50000000,4.00000000,0.25000000,5.00000000,11.64000000
0.74000000,686.00000000,245.00000000,220.50000000,3.50000000,5.00000000,0.25000000,5.00000000,12.02000000
0.71000000,710.50000000,269.50000000,220.50000000,3.50000000,2.00000000,0.25000000,5.00000000,12.27000000
0.71000000,710.50000000,269.50000000,220.50000000,3.50000000,3.00000000,0.25000000,5.00000000,12.19000000
0.71000000,710.50000000,269.50000000,220.50000000,3.50000000,4.00000000,0.25000000,5.00000000,12.25000000
0.71000000,710.50000000,269.50000000,220.50000000,3.50000000,5.00000000,0.25000000,5.00000000,12.27000000
0.69000000,735.00000000,294.00000000,220.50000000,3.50000000,2.00000000,0.25000000,5.00000000,12.47000000
0.69000000,735.00000000,294.00000000,220.50000000,3.50000000,3.00000000,0.25000000,5.00000000,12.12000000
0.69000000,735.00000000,294.00000000,220.50000000,3.50000000,4.00000000,0.25000000,5.00000000,12.18000000
0.69000000,735.00000000,294.00000000,220.50000000,3.50000000,5.00000000,0.25000000,5.00000000,12.47000000
0.66000000,759.50000000,318.50000000,220.50000000,3.50000000,2.00000000,0.25000000,5.00000000,12.93000000
0.66000000,759.50000000,318.50000000,220.50000000,3.50000000,3.00000000,0.25000000,5.00000000,12.82000000
0.66000000,759.50000000,318.50000000,220.50000000,3.50000000,4.00000000,0.25000000,5.00000000,12.78000000
0.66000000,759.50000000,318.50000000,220.50000000,3.50000000,5.00000000,0.25000000,5.00000000,13.02000000
0.64000000,784.00000000,343.00000000,220.50000000,3.50000000,2.00000000,0.25000000,5.00000000,16.73000000
0.64000000,784.00000000,343.00000000,220.50000000,3.50000000,3.00000000,0.25000000,5.00000000,16.86000000
0.64000000,784.00000000,343.00000000,220.50000000,3.50000000,4.00000000,0.25000000,5.00000000,16.76000000
0.64000000,784.00000000,343.00000000,220.50000000,3.50000000,5.00000000,0.25000000,5.00000000,16.92000000
0.62000000,808.50000000,367.50000000,220.50000000,3.50000000,2.00000000,0.25000000,5.00000000,13.68000000
0.62000000,808.50000000,367.50000000,220.50000000,3.50000000,3.00000000,0.25000000,5.00000000,13.99000000
0.62000000,808.50000000,367.50000000,220.50000000,3.50000000,4.00000000,0.25000000,5.00000000,14.16000000
0.62000000,808.50000000,367.50000000,220.50000000,3.50000000,5.00000000,0.25000000,5.00000000,13.86000000
0.98000000,514.50000000,294.00000000,110.25000000,7.00000000,2.00000000,0.40000000,1.00000000,32.26000000
0.98000000,514.50000000,294.00000000,110.25000000,7.00000000,3.00000000,0.40000000,1.00000000,32.26000000
0.98000000,514.50000000,294.00000000,110.25000000,7.00000000,4.00000000,0.40000000,1.00000000,32.49000000
0.98000000,514.50000000,294.00000000,110.25000000,7.00000000,5.00000000,0.40000000,1.00000000,32.53000000
0.90000000,563.50000000,318.50000000,122.50000000,7.00000000,2.00000000,0.40000000,1.00000000,36.47000000
0.90000000,563.50000000,318.50000000,122.50000000,7.00000000,3.00000000,0.40000000,1.00000000,37.24000000
0.90000000,563.50000000,318.50000000,122.50000000,7.00000000,4.00000000,0.40000000,1.00000000,36.66000000
0.90000000,563.50000000,318.50000000,122.50000000,7.00000000,5.00000000,0.40000000,1.00000000,35.96000000
0.86000000,588.00000000,294.00000000,147.00000000,7.00000000,2.00000000,0.40000000,1.00000000,31.89000000
0.86000000,588.00000000,294.00000000,147.00000000,7.00000000,3.00000000,0.40000000,1.00000000,32.39000000
0.86000000,588.00000000,294.00000000,147.00000000,7.00000000,4.00000000,0.40000000,1.00000000,32.09000000
0.86000000,588.00000000,294.00000000,147.00000000,7.00000000,5.00000000,0.40000000,1.00000000,31.29000000
0.82000000,612.50000000,318.50000000,147.00000000,7.00000000,2.00000000,0.40000000,1.00000000,29.22000000
0.82000000,612.50000000,318.50000000,147.00000000,7.00000000,3.00000000,0.40000000,1.00000000,29.91000000
0.82000000,612.50000000,318.50000000,147.00000000,7.00000000,4.00000000,0.40000000,1.00000000,29.53000000
0.82000000,612.50000000,318.50000000,147.00000000,7.00000000,5.00000000,0.40000000,1.00000000,28.65000000
0.79000000,637.00000000,343.00000000,147.00000000,7.00000000,2.00000000,0.40000000,1.00000000,41.40000000
0.79000000,637.00000000,343.00000000,147.00000000,7.00000000,3.00000000,0.40000000,1.00000000,42.62000000
0.79000000,637.00000000,343.00000000,147.00000000,7.00000000,4.00000000,0.40000000,1.00000000,42.50000000
0.79000000,637.00000000,343.00000000,147.00000000,7.00000000,5.00000000,0.40000000,1.00000000,41.67000000
0.76000000,661.50000000,416.50000000,122.50000000,7.00000000,2.00000000,0.40000000,1.00000000,40.78000000
0.76000000,661.50000000,416.50000000,122.50000000,7.00000000,3.00000000,0.40000000,1.00000000,39.97000000
0.76000000,661.50000000,416.50000000,122.50000000,7.00000000,4.00000000,0.40000000,1.00000000,40.71000000
0.76000000,661.50000000,416.50000000,122.50000000,7.00000000,5.00000000,0.40000000,1.00000000,40.43000000
0.74000000,686.00000000,245.00000000,220.50000000,3.50000000,2.00000000,0.40000000,1.00000000,14.52000000
0.74000000,686.00000000,245.00000000,220.50000000,3.50000000,3.00000000,0.40000000,1.00000000,14.61000000
0.74000000,686.00000000,245.00000000,220.50000000,3.50000000,4.00000000,0.40000000,1.00000000,14.50000000
0.74000000,686.00000000,245.00000000,220.50000000,3.50000000,5.00000000,0.40000000,1.00000000,14.55000000
0.71000000,710.50000000,269.50000000,220.50000000,3.50000000,2.00000000,0.40000000,1.00000000,14.51000000
0.71000000,710.50000000,269.50000000,220.50000000,3.50000000,3.00000000,0.40000000,1.00000000,14.60000000
0.71000000,710.50000000,269.50000000,220.50000000,3.50000000,4.00000000,0.40000000,1.00000000,14.50000000
0.71000000,710.50000000,269.50000000,220.50000000,3.50000000,5.00000000,0.40000000,1.00000000,14.58000000
0.69000000,735.00000000,294.00000000,220.50000000,3.50000000,2.00000000,0.40000000,1.00000000,14.51000000
0.69000000,735.00000000,294.00000000,220.50000000,3.50000000,3.00000000,0.40000000,1.00000000,14.70000000
0.69000000,735.00000000,294.00000000,220.50000000,3.50000000,4.00000000,0.40000000,1.00000000,14.42000000
0.69000000,735.00000000,294.00000000,220.50000000,3.50000000,5.00000000,0.40000000,1.00000000,14.42000000
0.66000000,759.50000000,318.50000000,220.50000000,3.50000000,2.00000000,0.40000000,1.00000000,15.23000000
0.66000000,759.50000000,318.50000000,220.50000000,3.50000000,3.00000000,0.40000000,1.00000000,15.23000000
0.66000000,759.50000000,318.50000000,220.50000000,3.50000000,4.00000000,0.40000000,1.00000000,15.23000000
0.66000000,759.50000000,318.50000000,220.50000000,3.50000000,5.00000000,0.40000000,1.00000000,15.23000000
0.64000000,784.00000000,343.00000000,220.50000000,3.50000000,2.00000000,0.40000000,1.00000000,19.52000000
0.64000000,784.00000000,343.00000000,220.50000000,3.50000000,3.00000000,0.40000000,1.00000000,19.36000000
0.64000000,784.00000000,343.00000000,220.50000000,3.50000000,4.00000000,0.40000000,1.00000000,19.48000000
0.64000000,784.00000000,343.00000000,220.50000000,3.50000000,5.00000000,0.40000000,1.00000000,19.42000000
0.62000000,808.50000000,367.50000000,220.50000000,3.50000000,2.00000000,0.40000000,1.00000000,15.09000000
0.62000000,808.50000000,367.50000000,220.50000000,3.50000000,3.00000000,0.40000000,1.00000000,17.17000000
0.62000000,808.50000000,367.50000000,220.50000000,3.50000000,4.00000000,0.40000000,1.00000000,17.14000000
0.62000000,808.50000000,367.50000000,220.50000000,3.50000000,5.00000000,0.40000000,1.00000000,17.14000000
0.98000000,514.50000000,294.00000000,110.25000000,7.00000000,2.00000000,0.40000000,2.00000000,32.82000000
0.98000000,514.50000000,294.00000000,110.25000000,7.00000000,3.00000000,0.40000000,2.00000000,32.71000000
0.98000000,514.50000000,294.00000000,110.25000000,7.00000000,4.00000000,0.40000000,2.00000000,32.24000000
0.98000000,514.50000000,294.00000000,110.25000000,7.00000000,5.00000000,0.40000000,2.00000000,32.72000000
0.90000000,563.50000000,318.50000000,122.50000000,7.00000000,2.00000000,0.40000000,2.00000000,35.84000000
0.90000000,563.50000000,318.50000000,122.50000000,7.00000000,3.00000000,0.40000000,2.00000000,36.57000000
0.90000000,563.50000000,318.50000000,122.50000000,7.00000000,4.00000000,0.40000000,2.00000000,36.06000000
0.90000000,563.50000000,318.50000000,122.50000000,7.00000000,5.00000000,0.40000000,2.00000000,35.69000000
0.86000000,588.00000000,294.00000000,147.00000000,7.00000000,2.00000000,0.40000000,2.00000000,32.48000000
0.86000000,588.00000000,294.00000000,147.00000000,7.00000000,3.00000000,0.40000000,2.00000000,32.74000000
0.86000000,588.00000000,294.00000000,147.00000000,7.00000000,4.00000000,0.40000000,2.00000000,32.13000000
0.86000000,588.00000000,294.00000000,147.00000000,7.00000000,5.00000000,0.40000000,2.00000000,31.64000000
0.82000000,612.50000000,318.50000000,147.00000000,7.00000000,2.00000000,0.40000000,2.00000000,28.95000000
0.82000000,612.50000000,318.50000000,147.00000000,7.00000000,3.00000000,0.40000000,2.00000000,29.49000000
0.82000000,612.50000000,318.50000000,147.00000000,7.00000000,4.00000000,0.40000000,2.00000000,28.64000000
0.82000000,612.50000000,318.50000000,147.00000000,7.00000000,5.00000000,0.40000000,2.00000000,28.01000000
0.79000000,637.00000000,343.00000000,147.00000000,7.00000000,2.00000000,0.40000000,2.00000000,41.64000000
0.79000000,637.00000000,343.00000000,147.00000000,7.00000000,3.00000000,0.40000000,2.00000000,43.10000000
0.79000000,637.00000000,343.00000000,147.00000000,7.00000000,4.00000000,0.40000000,2.00000000,42.74000000
0.79000000,637.00000000,343.00000000,147.00000000,7.00000000,5.00000000,0.40000000,2.00000000,41.92000000
0.76000000,661.50000000,416.50000000,122.50000000,7.00000000,2.00000000,0.40000000,2.00000000,40.78000000
0.76000000,661.50000000,416.50000000,122.50000000,7.00000000,3.00000000,0.40000000,2.00000000,40.15000000
0.76000000,661.50000000,416.50000000,122.50000000,7.00000000,4.00000000,0.40000000,2.00000000,40.57000000
0.76000000,661.50000000,416.50000000,122.50000000,7.00000000,5.00000000,0.40000000,2.00000000,40.42000000
0.74000000,686.00000000,245.00000000,220.50000000,3.50000000,2.00000000,0.40000000,2.00000000,14.54000000
0.74000000,686.00000000,245.00000000,220.50000000,3.50000000,3.00000000,0.40000000,2.00000000,14.45000000
0.74000000,686.00000000,245.00000000,220.50000000,3.50000000,4.00000000,0.40000000,2.00000000,14.18000000
0.74000000,686.00000000,245.00000000,220.50000000,3.50000000,5.00000000,0.40000000,2.00000000,14.50000000
0.71000000,710.50000000,269.50000000,220.50000000,3.50000000,2.00000000,0.40000000,2.00000000,14.70000000
0.71000000,710.50000000,269.50000000,220.50000000,3.50000000,3.00000000,0.40000000,2.00000000,14.66000000
0.71000000,710.50000000,269.50000000,220.50000000,3.50000000,4.00000000,0.40000000,2.00000000,14.40000000
0.71000000,710.50000000,269.50000000,220.50000000,3.50000000,5.00000000,0.40000000,2.00000000,14.71000000
0.69000000,735.00000000,294.00000000,220.50000000,3.50000000,2.00000000,0.40000000,2.00000000,14.75000000
0.69000000,735.00000000,294.00000000,220.50000000,3.50000000,3.00000000,0.40000000,2.00000000,14.71000000
0.69000000,735.00000000,294.00000000,220.50000000,3.50000000,4.00000000,0.40000000,2.00000000,14.33000000
0.69000000,735.00000000,294.00000000,220.50000000,3.50000000,5.00000000,0.40000000,2.00000000,14.62000000
0.66000000,759.50000000,318.50000000,220.50000000,3.50000000,2.00000000,0.40000000,2.00000000,15.34000000
0.66000000,759.50000000,318.50000000,220.50000000,3.50000000,3.00000000,0.40000000,2.00000000,15.29000000
0.66000000,759.50000000,318.50000000,220.50000000,3.50000000,4.00000000,0.40000000,2.00000000,15.09000000
0.66000000,759.50000000,318.50000000,220.50000000,3.50000000,5.00000000,0.40000000,2.00000000,15.30000000
0.64000000,784.00000000,343.00000000,220.50000000,3.50000000,2.00000000,0.40000000,2.00000000,19.20000000
0.64000000,784.00000000,343.00000000,220.50000000,3.50000000,3.00000000,0.40000000,2.00000000,18.88000000
0.64000000,784.00000000,343.00000000,220.50000000,3.50000000,4.00000000,0.40000000,2.00000000,18.90000000
0.64000000,784.00000000,343.00000000,220.50000000,3.50000000,5.00000000,0.40000000,2.00000000,19.12000000
0.62000000,808.50000000,367.50000000,220.50000000,3.50000000,2.00000000,0.40000000,2.00000000,16.76000000
0.62000000,808.50000000,367.50000000,220.50000000,3.50000000,3.00000000,0.40000000,2.00000000,17.23000000
0.62000000,808.50000000,367.50000000,220.50000000,3.50000000,4.00000000,0.40000000,2.00000000,17.26000000
0.62000000,808.50000000,367.50000000,220.50000000,3.50000000,5.00000000,0.40000000,2.00000000,17.15000000
0.98000000,514.50000000,294.00000000,110.25000000,7.00000000,2.00000000,0.40000000,3.00000000,32.82000000
0.98000000,514.50000000,294.00000000,110.25000000,7.00000000,3.00000000,0.40000000,3.00000000,32.69000000
0.98000000,514.50000000,294.00000000,110.25000000,7.00000000,4.00000000,0.40000000,3.00000000,32.23000000
0.98000000,514.50000000,294.00000000,110.25000000,7.00000000,5.00000000,0.40000000,3.00000000,32.75000000
0.90000000,563.50000000,318.50000000,122.50000000,7.00000000,2.00000000,0.40000000,3.00000000,34.24000000
0.90000000,563.50000000,318.50000000,122.50000000,7.00000000,3.00000000,0.40000000,3.00000000,34.95000000
0.90000000,563.50000000,318.50000000,122.50000000,7.00000000,4.00000000,0.40000000,3.00000000,35.05000000
0.90000000,563.50000000,318.50000000,122.50000000,7.00000000,5.00000000,0.40000000,3.00000000,34.29000000
0.86000000,588.00000000,294.00000000,147.00000000,7.00000000,2.00000000,0.40000000,3.00000000,31.28000000
0.86000000,588.00000000,294.00000000,147.00000000,7.00000000,3.00000000,0.40000000,3.00000000,32.12000000
0.86000000,588.00000000,294.00000000,147.00000000,7.00000000,4.00000000,0.40000000,3.00000000,32.05000000
0.86000000,588.00000000,294.00000000,147.00000000,7.00000000,5.00000000,0.40000000,3.00000000,31.84000000
0.82000000,612.50000000,318.50000000,147.00000000,7.00000000,2.00000000,0.40000000,3.00000000,28.67000000
0.82000000,612.50000000,318.50000000,147.00000000,7.00000000,3.00000000,0.40000000,3.00000000,29.67000000
0.82000000,612.50000000,318.50000000,147.00000000,7.00000000,4.00000000,0.40000000,3.00000000,29.47000000
0.82000000,612.50000000,318.50000000,147.00000000,7.00000000,5.00000000,0.40000000,3.00000000,28.91000000
0.79000000,637.00000000,343.00000000,147.00000000,7.00000000,2.00000000,0.40000000,3.00000000,41.26000000
0.79000000,637.00000000,343.00000000,147.00000000,7.00000000,3.00000000,0.40000000,3.00000000,41.30000000
0.79000000,637.00000000,343.00000000,147.00000000,7.00000000,4.00000000,0.40000000,3.00000000,42.49000000
0.79000000,637.00000000,343.00000000,147.00000000,7.00000000,5.00000000,0.40000000,3.00000000,42.08000000
0.76000000,661.50000000,416.50000000,122.50000000,7.00000000,2.00000000,0.40000000,3.00000000,39.32000000
0.76000000,661.50000000,416.50000000,122.50000000,7.00000000,3.00000000,0.40000000,3.00000000,39.84000000
0.76000000,661.50000000,416.50000000,122.50000000,7.00000000,4.00000000,0.40000000,3.00000000,38.89000000
0.76000000,661.50000000,416.50000000,122.50000000,7.00000000,5.00000000,0.40000000,3.00000000,39.68000000
0.74000000,686.00000000,245.00000000,220.50000000,3.50000000,2.00000000,0.40000000,3.00000000,13.97000000
0.74000000,686.00000000,245.00000000,220.50000000,3.50000000,3.00000000,0.40000000,3.00000000,14.22000000
0.74000000,686.00000000,245.00000000,220.50000000,3.50000000,4.00000000,0.40000000,3.00000000,14.10000000
0.74000000,686.00000000,245.00000000,220.50000000,3.50000000,5.00000000,0.40000000,3.00000000,13.78000000
0.71000000,710.50000000,269.50000000,220.50000000,3.50000000,2.00000000,0.40000000,3.00000000,14.07000000
0.71000000,710.50000000,269.50000000,220.50000000,3.50000000,3.00000000,0.40000000,3.00000000,14.03000000
0.71000000,710.50000000,269.50000000,220.50000000,3.50000000,4.00000000,0.40000000,3.00000000,13.94000000
0.71000000,710.50000000,269.50000000,220.50000000,3.50000000,5.00000000,0.40000000,3.00000000,13.86000000
0.69000000,735.00000000,294.00000000,220.50000000,3.50000000,2.00000000,0.40000000,3.00000000,14.32000000
0.69000000,735.00000000,294.00000000,220.50000000,3.50000000,3.00000000,0.40000000,3.00000000,14.56000000
0.69000000,735.00000000,294.00000000,220.50000000,3.50000000,4.00000000,0.40000000,3.00000000,14.33000000
0.69000000,735.00000000,294.00000000,220.50000000,3.50000000,5.00000000,0.40000000,3.00000000,14.08000000
0.66000000,759.50000000,318.50000000,220.50000000,3.50000000,2.00000000,0.40000000,3.00000000,15.16000000
0.66000000,759.50000000,318.50000000,220.50000000,3.50000000,3.00000000,0.40000000,3.00000000,15.18000000
0.66000000,759.50000000,318.50000000,220.50000000,3.50000000,4.00000000,0.40000000,3.00000000,14.72000000
0.66000000,759.50000000,318.50000000,220.50000000,3.50000000,5.00000000,0.40000000,3.00000000,14.90000000
0.64000000,784.00000000,343.00000000,220.50000000,3.50000000,2.00000000,0.40000000,3.00000000,18.48000000
0.64000000,784.00000000,343.00000000,220.50000000,3.50000000,3.00000000,0.40000000,3.00000000,18.71000000
0.64000000,784.00000000,343.00000000,220.50000000,3.50000000,4.00000000,0.40000000,3.00000000,18.48000000
0.64000000,784.00000000,343.00000000,220.50000000,3.50000000,5.00000000,0.40000000,3.00000000,18.46000000
0.62000000,808.50000000,367.50000000,220.50000000,3.50000000,2.00000000,0.40000000,3.00000000,16.47000000
0.62000000,808.50000000,367.50000000,220.50000000,3.50000000,3.00000000,0.40000000,3.00000000,16.35000000
0.62000000,808.50000000,367.50000000,220.50000000,3.50000000,4.00000000,0.40000000,3.00000000,16.55000000
0.62000000,808.50000000,367.50000000,220.50000000,3.50000000,5.00000000,0.40000000,3.00000000,16.74000000
0.98000000,514.50000000,294.00000000,110.25000000,7.00000000,2.00000000,0.40000000,4.00000000,32.85000000
0.98000000,514.50000000,294.00000000,110.25000000,7.00000000,3.00000000,0.40000000,4.00000000,32.67000000
0.98000000,514.50000000,294.00000000,110.25000000,7.00000000,4.00000000,0.40000000,4.00000000,32.21000000
0.98000000,514.50000000,294.00000000,110.25000000,7.00000000,5.00000000,0.40000000,4.00000000,32.74000000
0.90000000,563.50000000,318.50000000,122.50000000,7.00000000,2.00000000,0.40000000,4.00000000,36.45000000
0.90000000,563.50000000,318.50000000,122.50000000,7.00000000,3.00000000,0.40000000,4.00000000,35.73000000
0.90000000,563.50000000,318.50000000,122.50000000,7.00000000,4.00000000,0.40000000,4.00000000,35.40000000
0.90000000,563.50000000,318.50000000,122.50000000,7.00000000,5.00000000,0.40000000,4.00000000,36.57000000
0.86000000,588.00000000,294.00000000,147.00000000,7.00000000,2.00000000,0.40000000,4.00000000,32.38000000
0.86000000,588.00000000,294.00000000,147.00000000,7.00000000,3.00000000,0.40000000,4.00000000,31.66000000
0.86000000,588.00000000,294.00000000,147.00000000,7.00000000,4.00000000,0.40000000,4.00000000,32.15000000
0.86000000,588.00000000,294.00000000,147.00000000,7.00000000,5.00000000,0.40000000,4.00000000,32.75000000
0.82000000,612.50000000,318.50000000,147.00000000,7.00000000,2.00000000,0.40000000,4.00000000,28.93000000
0.82000000,612.50000000,318.50000000,147.00000000,7.00000000,3.00000000,0.40000000,4.00000000,28.05000000
0.82000000,612.50000000,318.50000000,147.00000000,7.00000000,4.00000000,0.40000000,4.00000000,28.64000000
0.82000000,612.50000000,318.50000000,147.00000000,7.00000000,5.00000000,0.40000000,4.00000000,29.52000000
0.79000000,637.00000000,343.00000000,147.00000000,7.00000000,2.00000000,0.40000000,4.00000000,42.77000000
0.79000000,637.00000000,343.00000000,147.00000000,7.00000000,3.00000000,0.40000000,4.00000000,41.73000000
0.79000000,637.00000000,343.00000000,147.00000000,7.00000000,4.00000000,0.40000000,4.00000000,41.32000000
0.79000000,637.00000000,343.00000000,147.00000000,7.00000000,5.00000000,0.40000000,4.00000000,42.96000000
0.76000000,661.50000000,416.50000000,122.50000000,7.00000000,2.00000000,0.40000000,4.00000000,40.68000000
0.76000000,661.50000000,416.50000000,122.50000000,7.00000000,3.00000000,0.40000000,4.00000000,40.40000000
0.76000000,661.50000000,416.50000000,122.50000000,7.00000000,4.00000000,0.40000000,4.00000000,40.60000000
0.76000000,661.50000000,416.50000000,122.50000000,7.00000000,5.00000000,0.40000000,4.00000000,40.11000000
0.74000000,686.00000000,245.00000000,220.50000000,3.50000000,2.00000000,0.40000000,4.00000000,14.37000000
0.74000000,686.00000000,245.00000000,220.50000000,3.50000000,3.00000000,0.40000000,4.00000000,14.48000000
0.74000000,686.00000000,245.00000000,220.50000000,3.50000000,4.00000000,0.40000000,4.00000000,14.32000000
0.74000000,686.00000000,245.00000000,220.50000000,3.50000000,5.00000000,0.40000000,4.00000000,14.44000000
0.71000000,710.50000000,269.50000000,220.50000000,3.50000000,2.00000000,0.40000000,4.00000000,14.60000000
0.71000000,710.50000000,269.50000000,220.50000000,3.50000000,3.00000000,0.40000000,4.00000000,14.70000000
0.71000000,710.50000000,269.50000000,220.50000000,3.50000000,4.00000000,0.40000000,4.00000000,14.47000000
0.71000000,710.50000000,269.50000000,220.50000000,3.50000000,5.00000000,0.40000000,4.00000000,14.66000000
0.69000000,735.00000000,294.00000000,220.50000000,3.50000000,2.00000000,0.40000000,4.00000000,14.54000000
0.69000000,735.00000000,294.00000000,220.50000000,3.50000000,3.00000000,0.40000000,4.00000000,14.62000000
0.69000000,735.00000000,294.00000000,220.50000000,3.50000000,4.00000000,0.40000000,4.00000000,14.53000000
0.69000000,735.00000000,294.00000000,220.50000000,3.50000000,5.00000000,0.40000000,4.00000000,14.71000000
0.66000000,759.50000000,318.50000000,220.50000000,3.50000000,2.00000000,0.40000000,4.00000000,15.34000000
0.66000000,759.50000000,318.50000000,220.50000000,3.50000000,3.00000000,0.40000000,4.00000000,15.29000000
0.66000000,759.50000000,318.50000000,220.50000000,3.50000000,4.00000000,0.40000000,4.00000000,15.09000000
0.66000000,759.50000000,318.50000000,220.50000000,3.50000000,5.00000000,0.40000000,4.00000000,15.30000000
0.64000000,784.00000000,343.00000000,220.50000000,3.50000000,2.00000000,0.40000000,4.00000000,19.06000000
0.64000000,784.00000000,343.00000000,220.50000000,3.50000000,3.00000000,0.40000000,4.00000000,19.13000000
0.64000000,784.00000000,343.00000000,220.50000000,3.50000000,4.00000000,0.40000000,4.00000000,19.00000000
0.64000000,784.00000000,343.00000000,220.50000000,3.50000000,5.00000000,0.40000000,4.00000000,18.84000000
0.62000000,808.50000000,367.50000000,220.50000000,3.50000000,2.00000000,0.40000000,4.00000000,16.44000000
0.62000000,808.50000000,367.50000000,220.50000000,3.50000000,3.00000000,0.40000000,4.00000000,16.90000000
0.62000000,808.50000000,367.50000000,220.50000000,3.50000000,4.00000000,0.40000000,4.00000000,16.94000000
0.62000000,808.50000000,367.50000000,220.50000000,3.50000000,5.00000000,0.40000000,4.00000000,16.77000000
0.98000000,514.50000000,294.00000000,110.25000000,7.00000000,2.00000000,0.40000000,5.00000000,32.84000000
0.98000000,514.50000000,294.00000000,110.25000000,7.00000000,3.00000000,0.40000000,5.00000000,32.72000000
0.98000000,514.50000000,294.00000000,110.25000000,7.00000000,4.00000000,0.40000000,5.00000000,32.21000000
0.98000000,514.50000000,294.00000000,110.25000000,7.00000000,5.00000000,0.40000000,5.00000000,32.73000000
0.90000000,563.50000000,318.50000000,122.50000000,7.00000000,2.00000000,0.40000000,5.00000000,35.67000000
0.90000000,563.50000000,318.50000000,122.50000000,7.00000000,3.00000000,0.40000000,5.00000000,35.01000000
0.90000000,563.50000000,318.50000000,122.50000000,7.00000000,4.00000000,0.40000000,5.00000000,34.72000000
0.90000000,563.50000000,318.50000000,122.50000000,7.00000000,5.00000000,0.40000000,5.00000000,35.24000000
0.86000000,588.00000000,294.00000000,147.00000000,7.00000000,2.00000000,0.40000000,5.00000000,32.31000000
0.86000000,588.00000000,294.00000000,147.00000000,7.00000000,3.00000000,0.40000000,5.00000000,31.81000000
0.86000000,588.00000000,294.00000000,147.00000000,7.00000000,4.00000000,0.40000000,5.00000000,31.12000000
0.86000000,588.00000000,294.00000000,147.00000000,7.00000000,5.00000000,0.40000000,5.00000000,32.06000000
0.82000000,612.50000000,318.50000000,147.00000000,7.00000000,2.00000000,0.40000000,5.00000000,30.00000000
0.82000000,612.50000000,318.50000000,147.00000000,7.00000000,3.00000000,0.40000000,5.00000000,29.50000000
0.82000000,612.50000000,318.50000000,147.00000000,7.00000000,4.00000000,0.40000000,5.00000000,29.06000000
0.82000000,612.50000000,318.50000000,147.00000000,7.00000000,5.00000000,0.40000000,5.00000000,29.92000000
0.79000000,637.00000000,343.00000000,147.00000000,7.00000000,2.00000000,0.40000000,5.00000000,42.11000000
0.79000000,637.00000000,343.00000000,147.00000000,7.00000000,3.00000000,0.40000000,5.00000000,41.96000000
0.79000000,637.00000000,343.00000000,147.00000000,7.00000000,4.00000000,0.40000000,5.00000000,41.09000000
0.79000000,637.00000000,343.00000000,147.00000000,7.00000000,5.00000000,0.40000000,5.00000000,40.79000000
0.76000000,661.50000000,416.50000000,122.50000000,7.00000000,2.00000000,0.40000000,5.00000000,38.82000000
0.76000000,661.50000000,416.50000000,122.50000000,7.00000000,3.00000000,0.40000000,5.00000000,39.72000000
0.76000000,661.50000000,416.50000000,122.50000000,7.00000000,4.00000000,0.40000000,5.00000000,39.31000000
0.76000000,661.50000000,416.50000000,122.50000000,7.00000000,5.00000000,0.40000000,5.00000000,39.86000000
0.74000000,686.00000000,245.00000000,220.50000000,3.50000000,2.00000000,0.40000000,5.00000000,14.41000000
0.74000000,686.00000000,245.00000000,220.50000000,3.50000000,3.00000000,0.40000000,5.00000000,14.19000000
0.74000000,686.00000000,245.00000000,220.50000000,3.50000000,4.00000000,0.40000000,5.00000000,14.17000000
0.74000000,686.00000000,245.00000000,220.50000000,3.50000000,5.00000000,0.40000000,5.00000000,14.39000000
0.71000000,710.50000000,269.50000000,220.50000000,3.50000000,2.00000000,0.40000000,5.00000000,12.43000000
0.71000000,710.50000000,269.50000000,220.50000000,3.50000000,3.00000000,0.40000000,5.00000000,12.63000000
0.71000000,710.50000000,269.50000000,220.50000000,3.50000000,4.00000000,0.40000000,5.00000000,12.76000000
0.71000000,710.50000000,269.50000000,220.50000000,3.50000000,5.00000000,0.40000000,5.00000000,12.42000000
0.69000000,735.00000000,294.00000000,220.50000000,3.50000000,2.00000000,0.40000000,5.00000000,14.12000000
0.69000000,735.00000000,294.00000000,220.50000000,3.50000000,3.00000000,0.40000000,5.00000000,14.28000000
0.69000000,735.00000000,294.00000000,220.50000000,3.50000000,4.00000000,0.40000000,5.00000000,14.37000000
0.69000000,735.00000000,294.00000000,220.50000000,3.50000000,5.00000000,0.40000000,5.00000000,14.21000000
0.66000000,759.50000000,318.50000000,220.50000000,3.50000000,2.00000000,0.40000000,5.00000000,14.96000000
0.66000000,759.50000000,318.50000000,220.50000000,3.50000000,3.00000000,0.40000000,5.00000000,14.92000000
0.66000000,759.50000000,318.50000000,220.50000000,3.50000000,4.00000000,0.40000000,5.00000000,14.92000000
0.66000000,759.50000000,318.50000000,220.50000000,3.50000000,5.00000000,0.40000000,5.00000000,15.16000000
0.64000000,784.00000000,343.00000000,220.50000000,3.50000000,2.00000000,0.40000000,5.00000000,17.69000000
0.64000000,784.00000000,343.00000000,220.50000000,3.50000000,3.00000000,0.40000000,5.00000000,18.19000000
0.64000000,784.00000000,343.00000000,220.50000000,3.50000000,4.00000000,0.40000000,5.00000000,18.16000000
0.64000000,784.00000000,343.00000000,220.50000000,3.50000000,5.00000000,0.40000000,5.00000000,17.88000000
0.62000000,808.50000000,367.50000000,220.50000000,3.50000000,2.00000000,0.40000000,5.00000000,16.54000000
0.62000000,808.50000000,367.50000000,220.50000000,3.50000000,3.00000000,0.40000000,5.00000000,16.44000000
0.62000000,808.50000000,367.50000000,220.50000000,3.50000000,4.00000000,0.40000000,5.00000000,16.48000000
0.62000000,808.50000000,367.50000000,220.50000000,3.50000000,5.00000000,0.40000000,5.00000000,16.64000000
