3.26000000,0.82900000,1.67600000,0.00000000,1.00000000,1.45300000,3.77000000
2.18900000,0.58000000,0.86300000,0.00000000,0.00000000,1.34800000,3.11500000
2.12500000,0.63800000,0.83100000,0.00000000,0.00000000,1.34800000,3.53100000
3.02700000,0.33100000,1.47200000,1.00000000,0.00000000,1.80700000,3.51000000
2.09400000,0.82700000,0.86000000,0.00000000,0.00000000,1.88600000,5.39000000
3.22200000,0.33100000,2.17700000,0.00000000,0.00000000,0.70600000,1.81900000
3.17900000,0.00000000,1.06300000,0.00000000,0.00000000,2.94200000,3.94700000
3.00000000,0.00000000,0.93800000,1.00000000,0.00000000,2.85100000,3.51300000
2.62000000,0.49900000,0.99000000,0.00000000,0.00000000,2.94200000,4.40200000
2.83400000,0.13400000,0.95000000,0.00000000,0.00000000,1.59100000,3.02100000
2.40500000,0.13400000,0.84300000,0.00000000,0.00000000,1.76900000,3.21000000
2.72800000,0.22300000,0.95300000,0.00000000,0.00000000,1.59100000,2.37100000
2.51200000,0.22300000,0.92900000,1.00000000,0.00000000,1.76900000,3.91900000
2.83400000,0.13400000,1.23700000,0.00000000,0.00000000,1.85900000,3.03000000
2.81900000,0.33100000,1.27100000,0.00000000,1.00000000,0.98100000,2.73600000
2.12600000,0.25100000,1.11400000,0.00000000,0.00000000,0.14300000,2.15700000
2.83400000,0.13400000,1.32200000,0.00000000,0.00000000,1.19900000,2.41300000
3.01400000,0.56000000,1.78100000,0.00000000,0.00000000,-0.11500000,0.89800000
3.02400000,0.45200000,2.69800000,0.00000000,0.00000000,1.10700000,0.45000000
3.03600000,0.40500000,1.20500000,1.00000000,0.00000000,1.80700000,3.73300000
2.70700000,0.97200000,1.88900000,0.00000000,3.00000000,-1.16900000,2.97600000
2.97800000,1.24600000,1.10300000,0.00000000,1.00000000,3.98800000,6.53500000
3.11100000,0.73200000,0.92300000,0.00000000,0.00000000,4.06800000,5.64300000
3.31500000,0.22300000,0.96000000,0.00000000,0.00000000,3.39500000,4.62900000
2.71000000,0.93000000,0.72400000,0.00000000,0.00000000,2.52600000,4.83800000
3.32600000,0.64700000,0.98600000,0.00000000,1.00000000,3.11200000,4.08100000
3.33200000,0.13400000,1.29400000,0.00000000,0.00000000,2.51000000,3.43600000
3.89600000,0.13400000,1.98400000,0.00000000,0.00000000,2.59100000,3.45000000
3.15500000,0.63800000,2.12800000,0.00000000,0.00000000,-0.93700000,1.10200000
2.47900000,0.88700000,0.95400000,0.00000000,0.00000000,1.74800000,4.25700000
1.07500000,1.16100000,0.86500000,0.00000000,1.00000000,0.02400000,5.38600000
3.64500000,0.22300000,1.15500000,0.00000000,0.00000000,2.83700000,3.39300000
3.07900000,0.42900000,2.13500000,0.00000000,0.00000000,-0.52100000,1.30800000
3.33200000,0.13400000,1.51900000,0.00000000,0.00000000,2.24200000,3.55400000
2.72600000,0.49600000,1.17900000,0.00000000,1.00000000,1.06000000,2.26900000
3.53200000,0.13400000,1.11000000,0.00000000,0.00000000,2.81300000,4.16500000
4.21600000,0.22300000,1.24800000,0.00000000,0.00000000,5.08900000,5.89600000
3.60500000,0.00000000,1.15000000,0.00000000,0.00000000,3.56200000,4.82900000
2.91800000,0.22300000,0.94400000,3.00000000,0.00000000,2.06600000,4.59000000
3.83300000,0.40500000,1.52200000,0.00000000,1.00000000,3.49200000,2.09200000
3.66900000,0.22300000,1.59900000,0.00000000,0.00000000,2.27400000,3.66500000
2.82400000,0.22300000,1.00000000,1.00000000,0.00000000,2.10200000,3.56000000
2.23300000,0.64000000,0.92000000,1.00000000,0.00000000,2.37000000,4.80500000
3.10300000,0.13400000,1.34400000,0.00000000,0.00000000,1.53300000,3.17400000
4.41300000,0.56000000,1.17000000,1.00000000,2.00000000,3.90600000,7.89900000
3.64100000,0.33100000,1.93300000,0.00000000,1.00000000,1.56500000,2.67000000
3.07300000,0.69300000,1.85100000,0.00000000,2.00000000,0.78700000,4.01600000
3.01200000,0.22300000,1.02300000,0.00000000,0.00000000,2.19300000,3.85700000
3.81800000,0.69300000,1.62700000,2.00000000,2.00000000,2.21700000,5.52200000
4.17100000,0.69300000,1.67800000,0.00000000,2.00000000,2.84900000,4.85100000
3.73400000,0.22300000,1.45000000,2.00000000,1.00000000,2.64200000,3.84000000
3.73400000,0.22300000,1.37400000,2.00000000,2.00000000,2.64200000,4.58600000
2.12600000,0.97700000,0.77100000,0.00000000,0.00000000,3.79500000,5.28400000
2.21600000,0.67900000,0.76400000,0.00000000,0.00000000,2.29600000,3.55900000
3.17900000,0.00000000,1.06300000,0.00000000,0.00000000,2.94200000,4.09100000
2.62000000,0.49900000,0.99000000,0.00000000,0.00000000,3.21000000,4.33000000
2.72800000,0.22300000,0.95300000,0.00000000,0.00000000,1.85900000,3.75500000
2.12600000,0.83000000,0.89900000,0.00000000,0.00000000,3.47800000,4.55200000
2.21600000,0.58200000,0.83900000,0.00000000,0.00000000,2.12700000,3.62000000
2.08600000,0.64000000,0.83800000,0.00000000,0.00000000,2.12700000,4.45900000
2.83400000,0.13400000,0.95000000,0.00000000,0.00000000,1.85900000,2.82700000
2.12600000,0.40500000,0.91700000,4.00000000,2.00000000,0.41100000,6.38000000
3.08000000,0.40500000,1.60900000,1.00000000,1.00000000,1.61900000,4.78600000
1.63600000,0.64000000,1.69500000,0.00000000,0.00000000,0.40800000,3.86100000
2.21900000,0.60400000,1.53700000,0.00000000,0.00000000,2.02600000,3.26200000
1.59400000,0.22300000,1.33300000,2.00000000,0.00000000,0.09400000,6.29700000
1.81800000,0.49900000,1.46800000,1.00000000,0.00000000,1.67200000,3.54600000
1.50000000,0.83000000,1.89100000,0.00000000,0.00000000,1.81700000,2.92000000
1.51200000,0.64000000,1.84400000,0.00000000,0.00000000,0.34700000,3.20300000
2.56000000,0.13400000,1.75800000,0.00000000,0.00000000,0.34700000,2.28300000
1.81800000,0.13400000,1.44500000,0.00000000,0.00000000,0.20200000,1.55900000
1.35900000,0.13400000,1.13000000,1.00000000,0.00000000,0.09400000,3.47000000
0.66700000,0.58200000,1.36100000,0.00000000,0.00000000,0.20200000,4.74800000
2.33300000,0.25100000,1.94600000,0.00000000,0.00000000,-1.05300000,2.57600000
2.02600000,0.22300000,1.42900000,1.00000000,0.00000000,0.20200000,5.25900000
1.59400000,0.22300000,1.06800000,0.00000000,0.00000000,0.20200000,4.56400000
0.96500000,0.64000000,1.69500000,1.00000000,0.00000000,0.20200000,4.37000000
1.95100000,0.40500000,1.87800000,0.00000000,0.00000000,-1.05300000,0.05300000
1.00000000,0.40500000,1.50000000,2.00000000,0.00000000,-1.30600000,2.38100000
1.51200000,0.33100000,1.62700000,1.00000000,0.00000000,-0.38600000,2.89100000
3.21900000,0.40500000,1.60500000,0.00000000,0.00000000,0.70600000,1.08800000
3.74000000,0.13400000,1.58100000,0.00000000,0.00000000,2.27400000,3.72100000
3.66900000,0.48600000,1.37400000,0.00000000,0.00000000,3.29100000,3.70100000
3.57000000,1.37400000,2.25900000,0.00000000,0.00000000,2.05000000,6.08300000
5.92600000,0.13400000,1.67100000,0.00000000,0.00000000,6.20300000,4.62800000
3.80200000,0.40500000,1.52700000,1.00000000,0.00000000,1.86900000,3.70000000
2.80200000,0.22300000,1.60000000,0.00000000,1.00000000,1.06400000,1.84200000
2.24200000,1.09600000,1.90700000,0.00000000,1.00000000,-1.96000000,3.39600000
1.94000000,0.74900000,1.06600000,0.00000000,0.00000000,1.49200000,2.99000000
2.12600000,0.40500000,1.69000000,1.00000000,1.00000000,0.47900000,3.57300000
3.08000000,0.22300000,1.58300000,0.00000000,1.00000000,1.44200000,2.27100000
3.27700000,0.22300000,1.86900000,0.00000000,0.00000000,1.58700000,2.08500000
3.17900000,0.00000000,1.06300000,0.00000000,0.00000000,2.94200000,3.82200000
2.72800000,0.22300000,0.95300000,0.00000000,0.00000000,1.85900000,3.29000000
2.62000000,0.49900000,0.99000000,0.00000000,0.00000000,3.21000000,3.84000000
2.21600000,0.58200000,0.83900000,0.00000000,0.00000000,2.12700000,3.97900000
2.83400000,0.13400000,0.95000000,0.00000000,0.00000000,1.85900000,3.47000000
2.35900000,0.40500000,0.81400000,0.00000000,0.00000000,0.89300000,3.31400000
2.56500000,0.69300000,1.98700000,0.00000000,2.00000000,0.05700000,4.03100000
2.08500000,1.07900000,0.89500000,0.00000000,0.00000000,4.06300000,4.74000000
2.26000000,0.60400000,0.83600000,0.00000000,0.00000000,3.04500000,4.19400000
2.91000000,0.00000000,1.00000000,0.00000000,0.00000000,2.60800000,3.44700000
2.51200000,0.13400000,1.29300000,0.00000000,0.00000000,0.84600000,2.36400000
2.26000000,0.49900000,0.90700000,0.00000000,0.00000000,2.87600000,3.64500000
3.08000000,0.22300000,1.38500000,0.00000000,0.00000000,1.19500000,2.07000000
2.86600000,0.22300000,1.33300000,0.00000000,1.00000000,1.05000000,2.27000000
2.38600000,0.22300000,0.85700000,0.00000000,0.00000000,1.50600000,3.51300000
2.51200000,0.13400000,1.29300000,0.00000000,0.00000000,0.84600000,2.81100000
3.50900000,0.85400000,1.47800000,0.00000000,0.00000000,2.24800000,2.83200000
2.98000000,0.25100000,2.26100000,0.00000000,0.00000000,-0.06300000,1.63900000
2.51200000,0.13400000,1.29300000,0.00000000,0.00000000,0.84600000,2.01600000
2.98000000,0.25100000,1.95900000,0.00000000,0.00000000,-0.06300000,1.65100000
3.46200000,0.40500000,1.71700000,0.00000000,1.00000000,2.06000000,4.09700000
2.75500000,0.40500000,1.55900000,0.00000000,1.00000000,0.99600000,3.12300000
2.75500000,0.40500000,1.84400000,0.00000000,1.00000000,0.99600000,3.23100000
2.02400000,0.97700000,1.32800000,0.00000000,0.00000000,2.60400000,5.05200000
2.60900000,0.60400000,1.52900000,0.00000000,0.00000000,2.41900000,3.57200000
2.87800000,0.13400000,1.68400000,0.00000000,0.00000000,0.80000000,2.43600000
1.96100000,0.13400000,1.21500000,1.00000000,0.00000000,0.54800000,2.56700000
2.66500000,0.25100000,1.76200000,0.00000000,0.00000000,-0.53400000,1.79500000
1.25100000,0.25100000,1.12600000,0.00000000,0.00000000,-0.78600000,5.07200000
2.37700000,0.33100000,2.11100000,0.00000000,0.00000000,-0.53400000,2.15600000
2.36600000,0.40500000,2.60600000,0.00000000,0.00000000,-0.12800000,1.03700000
2.87800000,0.13400000,2.10200000,0.00000000,0.00000000,0.80000000,1.93200000
1.96100000,0.13400000,1.27000000,0.00000000,0.00000000,0.15600000,2.50500000
2.46200000,0.22300000,1.66900000,0.00000000,0.00000000,0.40800000,1.52400000
1.77800000,0.22300000,1.20300000,0.00000000,0.00000000,0.15600000,3.04800000
3.60900000,0.81100000,1.18900000,0.00000000,0.00000000,3.29100000,5.11500000
3.31600000,0.22300000,1.57100000,0.00000000,1.00000000,1.79500000,2.85600000
2.00000000,0.69300000,1.12800000,2.00000000,2.00000000,-0.45000000,4.36600000
4.17100000,0.69300000,1.67800000,0.00000000,2.00000000,2.84900000,4.97600000
3.31600000,0.22300000,1.57100000,0.00000000,1.00000000,1.79500000,2.94000000
3.44100000,0.00000000,1.66700000,0.00000000,0.00000000,3.51600000,4.53800000
2.42900000,0.83000000,1.69600000,0.00000000,0.00000000,2.60400000,3.39100000
3.14300000,0.13400000,1.64100000,0.00000000,0.00000000,1.20900000,2.69200000
2.80200000,0.22300000,1.60000000,1.00000000,0.00000000,1.06400000,3.82500000
2.12600000,0.40500000,1.12700000,0.00000000,0.00000000,-0.22600000,3.20600000
2.70900000,0.33100000,2.07200000,0.00000000,0.00000000,-0.08100000,1.78000000
2.70100000,0.40500000,2.00300000,0.00000000,0.00000000,-0.08100000,0.53300000
3.25200000,0.00000000,1.41700000,0.00000000,0.00000000,3.12400000,3.29900000
2.11100000,0.13400000,1.25300000,0.00000000,0.00000000,0.46800000,2.91400000
2.08500000,0.56000000,2.45100000,0.00000000,0.00000000,-0.54400000,1.18000000
3.36100000,0.22300000,1.43700000,1.00000000,2.00000000,2.02100000,3.16800000
3.52000000,0.22300000,1.56200000,0.00000000,1.00000000,2.12900000,3.44600000
3.01400000,0.56000000,1.98700000,0.00000000,1.00000000,0.53800000,3.49600000
3.18100000,0.60400000,1.52000000,0.00000000,0.00000000,3.12600000,4.68000000
3.36900000,0.13400000,1.61400000,0.00000000,0.00000000,1.58700000,3.25200000
3.27700000,0.22300000,1.63300000,0.00000000,0.00000000,1.58700000,2.98000000
2.50700000,0.40500000,1.50000000,2.00000000,0.00000000,0.07600000,3.93600000
3.27700000,0.48600000,1.41600000,0.00000000,0.00000000,2.60400000,5.47000000
2.67000000,0.49600000,2.04700000,0.00000000,0.00000000,-0.91700000,1.84200000
2.70400000,0.56000000,1.96500000,0.00000000,0.00000000,-0.91700000,0.15000000
3.27700000,0.48600000,1.34300000,0.00000000,0.00000000,2.60400000,3.73600000
3.56600000,0.13400000,1.59500000,0.00000000,0.00000000,1.94000000,3.71900000
2.59400000,0.25100000,1.28700000,0.00000000,0.00000000,0.45400000,1.74900000
3.48500000,0.22300000,1.61400000,0.00000000,0.00000000,1.94000000,3.50700000
3.31600000,0.22300000,1.57100000,1.00000000,0.00000000,1.79500000,3.97900000
3.59600000,0.60400000,1.51500000,0.00000000,0.00000000,4.67300000,5.36300000
3.74000000,0.13400000,1.58100000,0.00000000,0.00000000,3.18600000,4.39600000
3.66900000,0.22300000,1.59900000,0.00000000,0.00000000,3.18600000,3.98400000
3.19900000,0.56000000,2.03300000,0.00000000,0.00000000,-0.12900000,1.02000000
2.57000000,1.02800000,2.13700000,0.00000000,0.00000000,1.46600000,2.97300000
3.64100000,0.40500000,1.53100000,0.00000000,1.00000000,3.28900000,3.18200000
4.00500000,0.22300000,1.54500000,0.00000000,1.00000000,3.95300000,5.05500000
3.89600000,0.13400000,1.57100000,0.00000000,0.00000000,3.50300000,4.82200000
3.20100000,0.69300000,2.00400000,0.00000000,0.00000000,-0.93700000,0.33000000
3.98000000,0.22300000,1.57800000,0.00000000,0.00000000,3.80600000,4.81900000
4.11400000,0.22300000,1.57100000,0.00000000,0.00000000,4.09800000,5.21900000
4.23700000,0.22300000,1.56500000,0.00000000,0.00000000,4.37900000,5.26800000
4.63000000,0.40500000,1.45800000,2.00000000,1.00000000,5.57900000,3.13900000
2.45600000,0.33100000,1.25900000,0.00000000,1.00000000,0.49600000,2.85800000
2.53600000,0.76400000,1.16500000,0.00000000,1.00000000,2.61900000,4.19100000
3.46100000,0.22300000,1.28100000,0.00000000,0.00000000,2.81300000,4.41600000
2.64100000,0.49600000,1.07700000,0.00000000,1.00000000,1.69700000,3.53700000
3.38000000,0.63800000,1.50600000,0.00000000,1.00000000,1.57000000,4.38000000
2.54400000,0.22300000,1.24500000,0.00000000,0.00000000,1.06400000,1.40800000
1.27900000,1.16000000,1.71400000,0.00000000,0.00000000,1.20900000,2.93600000
2.57200000,1.83400000,1.35000000,0.00000000,2.00000000,3.11500000,8.47100000
3.22200000,1.50100000,0.87200000,0.00000000,0.00000000,5.14900000,5.86100000
3.72800000,0.95600000,1.17000000,0.00000000,0.00000000,4.78900000,5.57400000
3.35800000,1.34800000,1.32800000,0.00000000,0.00000000,1.89000000,3.85200000
2.96000000,0.88000000,1.53000000,1.00000000,1.00000000,0.78700000,5.24400000
4.81000000,0.69300000,1.42000000,0.00000000,2.00000000,5.42600000,2.54800000
3.31100000,0.56000000,0.92700000,0.00000000,1.00000000,3.46100000,5.27600000
3.02300000,0.56000000,1.16800000,0.00000000,1.00000000,2.29400000,3.92400000
2.58500000,1.58600000,0.91700000,0.00000000,0.00000000,5.20700000,6.37900000
1.92500000,1.31800000,0.59500000,0.00000000,0.00000000,3.76400000,4.70500000
2.45400000,1.07500000,0.95100000,0.00000000,0.00000000,2.35900000,4.96000000
2.50800000,0.58000000,0.94100000,0.00000000,0.00000000,1.70100000,3.76600000
2.22200000,0.71100000,0.84900000,0.00000000,0.00000000,0.82800000,3.64100000
3.38900000,0.22300000,0.84900000,0.00000000,1.00000000,3.58700000,4.10800000
2.03100000,0.89100000,0.82200000,0.00000000,0.00000000,2.95600000,4.42000000
1.96500000,1.40800000,0.70900000,0.00000000,0.00000000,2.73600000,5.29000000
3.35100000,0.49600000,1.46600000,0.00000000,0.00000000,1.09700000,2.39200000
3.45200000,0.33100000,1.47600000,1.00000000,0.00000000,2.40200000,3.87000000
4.28800000,0.86500000,1.32700000,0.00000000,0.00000000,4.29500000,5.64200000
2.35900000,0.40500000,0.81400000,0.00000000,0.00000000,0.89300000,4.28700000
2.08500000,1.07900000,0.89500000,0.00000000,0.00000000,4.06300000,4.79000000
1.96200000,0.93400000,0.81900000,0.00000000,0.00000000,2.72900000,4.29600000
3.04100000,0.94700000,1.29800000,0.00000000,1.00000000,1.97600000,6.60700000
2.37700000,0.82700000,0.93800000,0.00000000,0.00000000,2.23900000,3.75900000
3.02300000,0.56000000,1.16800000,1.00000000,0.00000000,1.23900000,3.27800000
2.77700000,0.56000000,1.12700000,1.00000000,0.00000000,0.92200000,3.11800000
2.21800000,0.92300000,1.07400000,0.00000000,0.00000000,0.29100000,3.23700000
3.10300000,0.13400000,1.52100000,0.00000000,0.00000000,2.19300000,3.26700000
1.82200000,0.82900000,0.83400000,0.00000000,0.00000000,2.50900000,3.93300000
3.45900000,1.47000000,1.48300000,0.00000000,2.00000000,0.49100000,4.48600000
2.44200000,1.21100000,2.25400000,0.00000000,0.00000000,1.40100000,4.30500000
1.94500000,0.88900000,0.83500000,0.00000000,0.00000000,1.96900000,3.92700000
3.31500000,0.22300000,1.10000000,1.00000000,0.00000000,2.72300000,4.35000000
2.86800000,1.28600000,1.29400000,0.00000000,0.00000000,1.91900000,4.80900000
2.97100000,0.85900000,2.16200000,0.00000000,0.00000000,2.27300000,4.49900000
3.37800000,0.13400000,0.98800000,0.00000000,0.00000000,3.39500000,4.65000000
2.96100000,0.40500000,1.18900000,0.00000000,0.00000000,1.31200000,2.60400000
3.52000000,0.22300000,1.56200000,1.00000000,0.00000000,2.12900000,3.62900000
3.01200000,0.22300000,1.02300000,0.00000000,0.00000000,2.19300000,4.07000000
2.77800000,0.40500000,1.17000000,1.00000000,0.00000000,1.49000000,2.93000000
3.08000000,0.22300000,1.58300000,1.00000000,0.00000000,1.44200000,3.72700000
3.28100000,0.69300000,1.80800000,0.00000000,2.00000000,1.12100000,3.09500000
2.35900000,0.40500000,0.81400000,0.00000000,0.00000000,0.89300000,6.40000000
2.02600000,0.22300000,1.66700000,1.00000000,0.00000000,0.20200000,2.65000000
2.50700000,0.40500000,1.50000000,0.00000000,2.00000000,0.07600000,2.85100000
3.46200000,0.40500000,1.71700000,0.00000000,1.00000000,2.06000000,4.20800000
2.46200000,0.22300000,1.62500000,1.00000000,0.00000000,0.65500000,3.65400000
3.02600000,0.40500000,1.78700000,0.00000000,1.00000000,1.37300000,3.81000000
2.42900000,0.40500000,1.95400000,0.00000000,0.00000000,-0.47300000,0.93100000
2.83600000,0.69300000,1.43000000,0.00000000,2.00000000,0.43400000,3.17800000
4.28500000,0.13400000,1.55100000,0.00000000,0.00000000,4.37900000,6.25500000
2.53400000,0.87200000,1.61900000,0.00000000,0.00000000,-1.18600000,2.73200000
4.07700000,0.95600000,1.90900000,0.00000000,0.00000000,3.23400000,4.44800000
3.13700000,0.40500000,1.31200000,0.00000000,2.00000000,0.74900000,1.08600000
2.03400000,0.64000000,1.72700000,0.00000000,0.00000000,0.80000000,2.58600000
2.03400000,0.33100000,1.56000000,0.00000000,1.00000000,0.13300000,2.11700000
1.66700000,1.27800000,1.50000000,0.00000000,2.00000000,2.45900000,3.95500000
2.28300000,1.07000000,1.22300000,0.00000000,0.00000000,1.11200000,4.27800000
3.16400000,0.22300000,0.90900000,0.00000000,0.00000000,2.45500000,3.11200000
3.03000000,1.82100000,1.02700000,0.00000000,2.00000000,5.46900000,6.89700000
2.03100000,0.87200000,1.47500000,0.00000000,1.00000000,0.20200000,6.42400000
4.21600000,0.22300000,1.24800000,0.00000000,0.00000000,4.17700000,5.78000000
2.11900000,0.92300000,1.17900000,0.00000000,1.00000000,0.98200000,1.05000000
3.91400000,0.56000000,1.63700000,0.00000000,1.00000000,3.04800000,3.92600000
3.54200000,1.38000000,1.26400000,0.00000000,0.00000000,1.97100000,6.28400000
3.10200000,0.69300000,1.31600000,0.00000000,2.00000000,2.00500000,3.45100000
3.39300000,1.29200000,2.12200000,0.00000000,3.00000000,1.59500000,3.47700000
3.19100000,0.22300000,0.84700000,0.00000000,0.00000000,2.85900000,4.96700000
2.63900000,1.46200000,0.83000000,0.00000000,0.00000000,5.20600000,5.98500000
2.47000000,1.43700000,1.34600000,2.00000000,2.00000000,1.82100000,6.35100000
2.16400000,1.43700000,1.22700000,0.00000000,2.00000000,2.57300000,6.20700000
3.24700000,0.63800000,0.88900000,0.00000000,1.00000000,2.92200000,4.68000000
4.25500000,1.69500000,1.08700000,0.00000000,0.00000000,2.29400000,4.47500000
3.62900000,0.33100000,1.47800000,0.00000000,1.00000000,2.82100000,3.24000000
3.08000000,0.82700000,1.07900000,2.00000000,0.00000000,1.15500000,5.47800000
3.01200000,0.22300000,0.76000000,0.00000000,0.00000000,2.63700000,4.62000000
2.37400000,1.16000000,0.97900000,0.00000000,1.00000000,3.81800000,5.04800000
2.85500000,1.33100000,1.32500000,0.00000000,2.00000000,0.45400000,7.04500000
2.02400000,0.40500000,1.60500000,0.00000000,1.00000000,0.13300000,1.30700000
3.73900000,0.00000000,1.25000000,1.00000000,2.00000000,3.26700000,2.14900000
3.42600000,0.69300000,1.48800000,0.00000000,1.00000000,1.29400000,3.02500000
2.87800000,0.13400000,1.68400000,0.00000000,0.00000000,0.80000000,2.42500000
4.78500000,1.26300000,1.47100000,1.00000000,4.00000000,2.74900000,9.61200000
3.28600000,0.35700000,2.10400000,0.00000000,0.00000000,-0.52100000,1.77100000
2.50700000,0.40500000,1.65200000,1.00000000,1.00000000,0.88800000,4.60300000
2.85700000,0.97300000,1.83800000,0.00000000,2.00000000,1.12100000,5.31100000
3.92400000,0.69300000,1.70700000,0.00000000,2.00000000,2.31400000,4.71300000
3.60100000,0.22300000,1.35000000,3.00000000,2.00000000,2.54500000,4.32000000
3.63400000,0.69300000,1.74700000,0.00000000,2.00000000,1.74200000,4.05100000
1.96800000,0.33100000,1.89100000,0.00000000,0.00000000,-1.05300000,1.47000000
2.42900000,0.40500000,1.92700000,0.00000000,1.00000000,0.58600000,2.58300000
3.02900000,0.33100000,1.84700000,0.00000000,0.00000000,0.31400000,2.47400000
3.60500000,0.00000000,1.15000000,0.00000000,0.00000000,3.56200000,4.51000000
2.02400000,0.83000000,1.76100000,0.00000000,0.00000000,2.22600000,3.00700000
3.02600000,0.40500000,1.54800000,0.00000000,1.00000000,1.37300000,2.84000000
3.46200000,0.40500000,1.71700000,0.00000000,1.00000000,2.06000000,4.55700000
3.66900000,0.22300000,1.77800000,0.00000000,0.00000000,2.27400000,3.60400000
2.90000000,1.27500000,0.91300000,0.00000000,1.00000000,3.57400000,6.56400000
3.83200000,0.22300000,1.58700000,0.00000000,0.00000000,3.50300000,4.41000000
4.28500000,0.13400000,1.71000000,0.00000000,0.00000000,3.46700000,5.38000000
3.16400000,2.04400000,0.83000000,0.00000000,1.00000000,4.91200000,6.11300000
3.33200000,0.13400000,1.29400000,0.00000000,0.00000000,2.24200000,3.37400000
2.34400000,0.58200000,1.59000000,0.00000000,0.00000000,1.46700000,3.10900000
3.35300000,0.85400000,1.94400000,0.00000000,0.00000000,1.29700000,2.45100000
2.99300000,0.81100000,1.23200000,0.00000000,2.00000000,-0.05900000,5.39500000
2.91400000,0.79800000,0.97500000,0.00000000,1.00000000,2.71500000,4.10900000
3.11100000,0.33100000,1.01100000,0.00000000,1.00000000,2.04200000,3.25000000
2.77700000,0.56000000,1.12700000,1.00000000,0.00000000,1.43300000,4.76700000
3.18800000,1.18200000,1.24400000,0.00000000,1.00000000,1.84500000,5.01200000
3.13400000,0.22300000,1.31900000,0.00000000,0.00000000,1.79500000,2.73900000
3.51400000,0.13400000,1.07000000,1.00000000,0.00000000,3.31500000,7.80900000
3.43600000,0.33100000,0.95100000,0.00000000,0.00000000,2.78600000,4.33800000
2.21700000,0.87200000,0.87500000,0.00000000,0.00000000,1.76900000,4.18200000
3.21900000,0.40500000,1.60500000,0.00000000,0.00000000,0.70600000,1.13400000
3.64500000,0.22300000,1.15500000,0.00000000,0.00000000,3.10500000,5.17800000
2.68500000,0.40500000,1.14500000,0.00000000,0.00000000,1.24600000,3.21900000
2.68500000,0.40500000,1.14500000,0.00000000,0.00000000,1.24600000,3.11000000
2.96100000,0.40500000,1.38800000,0.00000000,0.00000000,1.58000000,3.07000000
3.52000000,0.22300000,1.59000000,0.00000000,0.00000000,1.88200000,2.88300000
4.02900000,0.96500000,1.72900000,0.00000000,0.00000000,4.03800000,4.45100000
1.88300000,0.71100000,1.16200000,0.00000000,0.00000000,0.60200000,2.92400000
3.43200000,0.63800000,1.38500000,0.00000000,1.00000000,1.45900000,5.33900000
3.36900000,0.13400000,1.61400000,0.00000000,0.00000000,1.58700000,2.22600000
3.32300000,1.23200000,1.13400000,0.00000000,0.00000000,4.20700000,6.50000000
3.73000000,0.82900000,1.56200000,0.00000000,1.00000000,3.18200000,4.73200000
1.83100000,1.18200000,1.90100000,0.00000000,2.00000000,0.15800000,1.23400000
4.14100000,0.13400000,1.22000000,0.00000000,0.00000000,4.83300000,6.23300000
3.03500000,0.22300000,1.94100000,0.00000000,0.00000000,1.20900000,2.10700000
3.46100000,0.22300000,1.12000000,0.00000000,0.00000000,2.81300000,4.47000000
3.86700000,0.00000000,1.40000000,2.00000000,0.00000000,3.65900000,5.67800000
1.71300000,1.09800000,1.75200000,0.00000000,0.00000000,-0.29700000,3.04600000
2.44100000,0.88000000,1.54000000,0.00000000,2.00000000,0.05700000,4.92000000
1.63400000,0.71300000,1.19000000,0.00000000,0.00000000,1.31300000,2.78200000
3.13000000,0.42900000,0.88000000,0.00000000,0.00000000,2.67900000,5.22900000
1.88600000,1.15300000,0.52300000,0.00000000,0.00000000,2.93800000,4.73700000
1.88600000,1.11500000,0.65300000,0.00000000,0.00000000,2.64600000,4.34200000
3.68400000,1.27500000,1.07200000,0.00000000,1.00000000,4.76400000,7.69100000
4.46100000,0.40500000,1.13900000,0.00000000,1.00000000,4.54800000,4.72700000
3.08700000,0.22300000,0.96000000,1.00000000,0.00000000,2.42000000,3.97900000
3.82200000,0.00000000,1.12500000,1.00000000,0.00000000,4.04400000,5.51000000
3.11300000,1.59300000,1.31900000,1.00000000,1.00000000,4.03800000,6.14300000
2.56500000,0.45200000,1.52900000,0.00000000,0.00000000,0.24200000,2.11500000
2.21700000,0.84500000,0.79300000,1.00000000,0.00000000,2.42900000,5.18900000
2.95000000,1.77200000,1.35100000,0.00000000,4.00000000,3.11000000,5.38300000
3.40200000,0.49600000,1.45000000,1.00000000,0.00000000,2.34500000,4.55700000
3.61800000,0.84200000,1.68600000,0.00000000,2.00000000,1.66100000,5.18400000
3.61300000,1.33600000,0.83900000,0.00000000,0.00000000,2.45900000,4.88600000
3.73900000,0.00000000,1.20400000,0.00000000,1.00000000,3.37400000,5.43400000
2.25100000,1.50100000,1.19700000,0.00000000,0.00000000,4.19000000,5.63200000
2.45400000,1.07500000,0.95100000,0.00000000,0.00000000,2.35900000,6.31700000
2.21600000,0.58200000,1.28700000,0.00000000,0.00000000,1.46700000,2.74000000
3.32300000,1.23200000,1.13400000,0.00000000,0.00000000,4.20700000,6.52500000
2.12600000,0.83000000,1.45500000,0.00000000,1.00000000,2.45900000,5.82000000
1.88600000,0.98800000,0.76400000,0.00000000,0.00000000,2.34300000,3.88900000
3.17500000,0.85900000,2.09500000,0.00000000,0.00000000,2.59000000,4.09500000
3.64100000,1.19200000,1.48100000,0.00000000,1.00000000,3.16000000,5.05200000
2.01900000,1.31700000,1.28800000,0.00000000,0.00000000,2.68900000,4.36800000
3.70900000,1.37100000,1.47800000,0.00000000,1.00000000,3.90900000,5.56800000
2.47900000,0.88700000,0.95400000,0.00000000,0.00000000,1.74800000,4.45800000
3.55900000,0.22300000,1.36000000,0.00000000,0.00000000,2.44600000,3.45800000
4.05000000,0.69300000,1.38100000,0.00000000,2.00000000,3.61800000,5.66700000
3.24000000,0.56000000,0.88900000,0.00000000,0.00000000,2.21400000,4.54400000
4.82900000,0.33100000,1.52100000,4.00000000,4.00000000,4.57000000,6.34700000
2.07900000,0.98800000,0.83600000,0.00000000,1.00000000,2.48100000,2.60800000
4.03700000,0.13400000,1.56300000,0.00000000,0.00000000,3.80600000,5.18000000
2.13700000,0.22300000,1.17900000,0.00000000,0.00000000,0.65500000,3.77900000
3.42100000,0.58000000,1.70000000,0.00000000,1.00000000,1.57000000,5.02900000
1.27900000,1.32700000,1.28400000,0.00000000,0.00000000,2.20000000,4.69700000
3.25200000,0.49900000,0.83200000,0.00000000,0.00000000,4.41600000,4.67400000
3.25200000,0.49900000,0.83200000,0.00000000,0.00000000,4.41600000,4.38400000
3.73900000,0.00000000,0.70000000,0.00000000,0.00000000,4.76000000,7.34600000
2.59100000,0.33100000,1.62900000,0.00000000,0.00000000,0.87400000,2.39500000
2.11800000,0.95600000,1.64300000,0.00000000,0.00000000,-2.03000000,3.63800000
3.27400000,1.21400000,1.01100000,0.00000000,0.00000000,3.31100000,6.54000000
2.54400000,0.22300000,1.24500000,0.00000000,0.00000000,1.06400000,3.38000000
2.08000000,0.76400000,0.78800000,0.00000000,0.00000000,1.51400000,4.96100000
2.80000000,0.69300000,1.09100000,0.00000000,1.00000000,1.43700000,3.60300000
3.90000000,0.42900000,1.57200000,0.00000000,1.00000000,2.29700000,3.84200000
3.17700000,0.91800000,1.91900000,0.00000000,0.00000000,2.03100000,4.11600000
2.11100000,1.47700000,1.29800000,0.00000000,0.00000000,3.22500000,5.73000000
3.60900000,0.81100000,1.20800000,0.00000000,0.00000000,3.29100000,4.38000000
3.26100000,0.33100000,2.04700000,0.00000000,1.00000000,0.91500000,4.18200000
3.38000000,0.70200000,1.52700000,0.00000000,1.00000000,1.57900000,3.84100000
2.81800000,0.88000000,1.48800000,0.00000000,0.00000000,1.18200000,3.72600000
2.44200000,0.93400000,0.98400000,0.00000000,1.00000000,3.25900000,4.20800000
3.63000000,0.13400000,1.47600000,0.00000000,0.00000000,3.35800000,4.30500000
4.53500000,0.56000000,1.13700000,1.00000000,2.00000000,4.33200000,8.57100000
3.75600000,0.00000000,0.96400000,0.00000000,0.00000000,4.23000000,4.42500000
2.19800000,0.79800000,0.79000000,0.00000000,1.00000000,2.05600000,3.32800000
3.15900000,0.96500000,1.58400000,0.00000000,2.00000000,1.12100000,3.77000000
2.86200000,1.03100000,1.82800000,0.00000000,3.00000000,-0.46300000,4.51200000
4.12100000,0.82900000,1.55100000,0.00000000,1.00000000,3.91300000,5.65300000
2.30900000,0.90700000,0.87100000,0.00000000,0.00000000,3.04600000,3.77500000
3.69000000,0.22300000,1.06200000,0.00000000,0.00000000,2.72600000,3.59900000
3.28200000,0.56000000,1.74900000,0.00000000,2.00000000,1.11700000,3.75700000
3.46500000,2.17100000,0.88800000,0.00000000,0.00000000,6.51500000,3.62300000
3.25200000,0.22300000,1.07700000,0.00000000,0.00000000,2.51000000,4.22000000
4.08500000,0.13400000,1.48200000,0.00000000,0.00000000,4.23400000,5.63000000
2.72600000,0.49600000,1.10800000,0.00000000,1.00000000,1.06000000,3.10000000
2.07900000,0.98800000,0.83600000,0.00000000,1.00000000,2.48100000,3.29800000
3.86700000,0.13400000,1.17400000,0.00000000,0.00000000,3.38600000,4.06400000
3.33000000,0.56000000,1.55500000,0.00000000,2.00000000,1.04200000,3.69100000
2.30400000,1.02800000,1.12400000,0.00000000,0.00000000,2.43300000,4.63500000
3.69100000,0.71100000,1.07300000,0.00000000,2.00000000,1.74600000,5.47200000
3.32300000,0.40500000,1.17000000,0.00000000,2.00000000,2.59200000,4.57700000
3.50100000,0.40500000,1.58500000,1.00000000,1.00000000,2.27000000,5.14700000
2.59400000,0.25100000,0.86100000,0.00000000,0.00000000,1.68000000,3.11200000
3.38000000,0.87400000,0.90300000,0.00000000,1.00000000,3.18400000,5.27800000
3.33200000,0.13400000,0.90900000,0.00000000,0.00000000,3.05100000,4.89100000
3.57800000,0.49600000,1.40600000,0.00000000,1.00000000,2.39100000,4.32000000
2.85700000,1.42100000,2.28200000,0.00000000,0.00000000,2.35700000,4.29500000
2.63400000,0.22300000,0.93900000,0.00000000,0.00000000,1.83400000,3.92600000
2.83600000,1.86000000,1.04600000,0.00000000,2.00000000,4.45200000,8.20700000
3.17900000,0.00000000,0.80500000,0.00000000,0.00000000,2.99400000,4.15400000
3.58800000,0.25100000,1.50600000,0.00000000,0.00000000,1.56400000,3.57000000
3.02600000,0.25100000,2.16400000,0.00000000,0.00000000,0.31400000,1.81200000
3.73900000,0.00000000,1.16100000,0.00000000,0.00000000,4.43100000,5.68000000
2.95500000,0.33100000,1.31300000,0.00000000,0.00000000,0.65200000,2.96100000
1.84400000,1.27500000,0.80400000,0.00000000,0.00000000,3.10900000,6.72000000
4.39500000,0.13400000,1.54600000,0.00000000,0.00000000,4.65100000,6.48400000
3.12800000,0.71300000,0.79700000,0.00000000,1.00000000,4.01700000,5.03900000
2.41700000,1.02800000,1.16200000,0.00000000,1.00000000,3.19000000,4.16900000
3.05500000,1.27300000,1.13200000,0.00000000,0.00000000,2.93100000,5.39300000
2.62400000,1.62100000,1.50200000,0.00000000,0.00000000,3.21300000,6.31400000
3.43600000,1.22500000,1.83900000,0.00000000,0.00000000,2.05400000,5.08700000
2.42300000,0.94900000,1.15000000,0.00000000,0.00000000,1.94000000,2.44000000
2.54800000,0.94700000,1.05100000,1.00000000,0.00000000,1.66000000,3.58800000
2.64700000,1.28600000,1.27800000,0.00000000,0.00000000,1.60200000,4.50800000
3.19600000,1.38000000,1.23400000,0.00000000,0.00000000,1.32100000,6.01800000
3.37800000,1.38000000,1.25000000,0.00000000,0.00000000,1.65400000,4.85400000
2.39600000,1.59300000,1.35100000,0.00000000,0.00000000,3.32000000,6.02300000
1.98300000,1.71400000,2.10500000,0.00000000,0.00000000,2.35800000,5.06200000
4.08600000,0.45200000,1.84300000,0.00000000,0.00000000,0.37000000,3.46300000
3.35300000,0.40500000,1.41800000,1.00000000,1.00000000,1.87800000,5.01800000
3.17400000,1.58600000,0.91000000,2.00000000,2.00000000,5.36100000,7.38200000
3.56700000,0.71100000,1.50100000,1.00000000,3.00000000,1.75900000,4.04300000
3.59100000,0.58000000,1.68500000,0.00000000,1.00000000,1.85100000,4.11700000
3.81000000,1.02500000,1.05500000,0.00000000,2.00000000,0.21500000,3.83800000
3.31100000,0.97200000,2.20800000,0.00000000,3.00000000,-0.16500000,4.24400000
0.66700000,1.03000000,0.90600000,0.00000000,0.00000000,1.06400000,5.55800000
3.97900000,1.30600000,1.40400000,0.00000000,1.00000000,5.17600000,4.23900000
2.86200000,1.54000000,1.22600000,0.00000000,0.00000000,3.89600000,6.17100000
2.18300000,0.93000000,0.84600000,0.00000000,0.00000000,1.39500000,4.73900000
2.74000000,1.04000000,1.60300000,0.00000000,1.00000000,2.64600000,4.21500000
3.00100000,0.65100000,0.78100000,0.00000000,0.00000000,4.20300000,5.26200000
3.37800000,1.38000000,1.25000000,0.00000000,0.00000000,1.65400000,5.93300000
3.55000000,1.18200000,1.62400000,0.00000000,0.00000000,2.43300000,4.81100000
4.31100000,1.49600000,0.96400000,0.00000000,0.00000000,3.52200000,5.19000000
3.58700000,0.67500000,2.10800000,0.00000000,0.00000000,2.52700000,3.65600000
2.89300000,1.23600000,0.90700000,0.00000000,0.00000000,3.84200000,6.04700000
3.89800000,0.88700000,1.45000000,0.00000000,0.00000000,4.06600000,5.99900000
3.67500000,1.71800000,1.24800000,0.00000000,0.00000000,3.16700000,4.13600000
2.81700000,1.01200000,1.52100000,0.00000000,3.00000000,-1.16900000,2.06900000
3.93700000,0.76200000,1.70800000,0.00000000,0.00000000,1.14500000,3.29700000
1.96500000,1.02800000,0.76200000,0.00000000,0.00000000,2.11600000,5.30300000
2.81900000,0.73200000,1.48300000,0.00000000,0.00000000,1.71700000,2.94100000
2.01900000,1.31700000,0.77000000,0.00000000,0.00000000,3.61700000,5.93000000
1.82200000,0.68100000,0.79400000,0.00000000,0.00000000,2.33500000,3.69600000
2.92800000,1.13100000,0.90800000,0.00000000,2.00000000,3.50800000,5.86000000
2.47900000,0.88700000,0.95400000,0.00000000,0.00000000,1.74800000,4.11900000
3.79300000,0.13400000,0.93000000,0.00000000,0.00000000,4.05400000,6.03800000
3.38000000,1.74900000,1.13500000,0.00000000,1.00000000,3.30500000,4.95100000
4.18100000,0.57000000,1.38300000,0.00000000,0.00000000,4.37900000,6.21300000
2.29700000,0.76200000,0.79800000,0.00000000,0.00000000,2.84100000,3.55500000
2.20600000,1.30000000,1.36000000,0.00000000,0.00000000,2.37100000,4.73900000
3.40700000,1.54800000,1.65300000,0.00000000,0.00000000,1.14500000,6.25800000
1.84400000,1.27500000,0.80400000,0.00000000,0.00000000,3.10900000,6.78400000
2.21600000,0.38900000,0.79600000,0.00000000,0.00000000,1.95300000,3.75100000
4.37200000,0.13400000,1.25400000,0.00000000,0.00000000,5.33900000,6.56900000
3.06500000,1.07900000,0.82500000,0.00000000,0.00000000,5.47200000,6.88200000
1.78600000,0.70200000,1.08100000,0.00000000,0.00000000,-1.26500000,8.13200000
1.88300000,0.91600000,1.20700000,0.00000000,1.00000000,1.18800000,1.15300000
2.11000000,0.77300000,0.77300000,0.00000000,1.00000000,2.57000000,3.36000000
1.97500000,0.80200000,0.77500000,1.00000000,0.00000000,2.79900000,4.22700000
3.62900000,0.22300000,0.80200000,0.00000000,0.00000000,3.57100000,4.26900000
2.30900000,0.90700000,0.87100000,0.00000000,0.00000000,3.04600000,3.78200000
3.31600000,0.22300000,1.57100000,1.00000000,0.00000000,1.79500000,3.85400000
4.22300000,0.63800000,1.11700000,0.00000000,1.00000000,3.55700000,8.16900000
3.33300000,0.40500000,0.96300000,1.00000000,0.00000000,2.97400000,5.63000000
3.74900000,0.33100000,1.27800000,0.00000000,0.00000000,2.77300000,4.77700000
3.35100000,0.79700000,2.45600000,2.00000000,0.00000000,-0.19700000,3.90300000
3.09800000,0.93000000,1.07500000,0.00000000,0.00000000,2.70200000,5.65000000
3.73400000,0.22300000,1.37400000,0.00000000,0.00000000,3.66100000,5.15900000
3.07300000,1.49300000,1.27900000,0.00000000,0.00000000,3.73700000,6.64500000
3.24900000,2.07100000,1.32700000,0.00000000,0.00000000,3.94800000,6.44600000
2.13700000,0.22300000,1.37500000,3.00000000,0.00000000,0.54800000,4.86500000
4.24700000,0.58000000,1.36000000,2.00000000,1.00000000,3.06200000,5.06600000
2.37500000,1.02600000,1.09000000,0.00000000,1.00000000,2.55300000,3.89500000
1.63400000,0.71300000,1.19000000,0.00000000,0.00000000,1.31300000,2.05600000
2.30900000,0.76200000,0.84500000,1.00000000,0.00000000,1.09100000,3.60100000
3.21900000,0.81100000,1.12700000,0.00000000,0.00000000,2.60400000,4.25700000
4.20500000,1.51200000,1.04600000,0.00000000,2.00000000,2.11000000,5.00200000
2.24000000,0.40500000,1.20300000,0.00000000,0.00000000,-0.31600000,2.28600000
2.23300000,0.46000000,0.78900000,1.00000000,0.00000000,2.20600000,4.96000000
3.24000000,0.69300000,1.48700000,1.00000000,0.00000000,1.00200000,3.59800000
2.29700000,0.76200000,0.79800000,0.00000000,0.00000000,2.84100000,3.60800000
2.37400000,0.81100000,0.81700000,1.00000000,0.00000000,2.84100000,5.27700000
2.56800000,0.38900000,1.01200000,0.00000000,0.00000000,2.29600000,3.51300000
3.73400000,0.22300000,1.28200000,0.00000000,0.00000000,2.50200000,3.38700000
3.60100000,0.22300000,1.25400000,0.00000000,1.00000000,2.35700000,3.14100000
3.08000000,0.40500000,1.60900000,0.00000000,2.00000000,1.61900000,3.52800000
3.73400000,0.22300000,1.42600000,0.00000000,0.00000000,2.50200000,3.18000000
4.53200000,0.40500000,1.18900000,1.00000000,4.00000000,4.63900000,5.30700000
4.32400000,0.00000000,1.20500000,0.00000000,1.00000000,4.73800000,4.30200000
3.08000000,0.22300000,1.46200000,1.00000000,0.00000000,1.44200000,3.51800000
3.07300000,0.69300000,1.43800000,0.00000000,2.00000000,0.78700000,1.05500000
1.96200000,1.34500000,0.78300000,0.00000000,0.00000000,3.61700000,5.75200000
3.38600000,0.25100000,1.22500000,0.00000000,0.00000000,1.58600000,3.08600000
2.44800000,0.63800000,0.92100000,0.00000000,0.00000000,1.70100000,3.52100000
3.25000000,0.00000000,0.95000000,0.00000000,0.00000000,3.25900000,3.92600000
2.82400000,0.22300000,1.05100000,0.00000000,0.00000000,1.80100000,3.16800000
3.13400000,0.22300000,1.19300000,0.00000000,0.00000000,1.54800000,2.69200000
3.11000000,0.00000000,1.07900000,2.00000000,0.00000000,2.42000000,3.97400000
2.30900000,0.76200000,1.11800000,0.00000000,2.00000000,-0.12900000,2.71500000
3.20000000,0.71100000,1.23500000,0.00000000,3.00000000,0.77900000,2.68100000
3.33700000,1.44300000,0.91300000,0.00000000,0.00000000,6.16600000,7.42900000
2.07700000,1.23600000,0.82900000,0.00000000,1.00000000,3.45800000,4.42400000
2.08600000,0.33100000,1.22100000,1.00000000,0.00000000,0.14300000,3.81500000
3.70000000,0.22300000,1.55600000,0.00000000,1.00000000,2.44600000,3.66200000
0.96500000,0.73200000,1.35900000,0.00000000,1.00000000,0.43500000,3.48100000
2.18300000,0.93000000,0.84600000,0.00000000,0.00000000,1.39500000,4.22400000
2.03100000,0.49600000,1.95200000,0.00000000,1.00000000,-0.70300000,1.23100000
2.42800000,0.95600000,2.60900000,0.00000000,0.00000000,0.11300000,1.30100000
3.87100000,0.82900000,1.55800000,0.00000000,1.00000000,3.02600000,4.53900000
3.04600000,0.00000000,1.33300000,0.00000000,2.00000000,2.35200000,4.07500000
4.53200000,0.40500000,1.18900000,2.00000000,3.00000000,4.63900000,5.10400000
2.23800000,1.51300000,2.07800000,0.00000000,0.00000000,0.48900000,4.51300000
2.84100000,0.88000000,1.70500000,0.00000000,3.00000000,0.22600000,1.64700000
4.03100000,1.11300000,1.10600000,1.00000000,2.00000000,4.57900000,7.64000000
2.47900000,0.88700000,0.95400000,0.00000000,0.00000000,1.74800000,4.91200000
3.25200000,0.22300000,1.07700000,0.00000000,0.00000000,2.51000000,4.02000000
2.09400000,0.82700000,0.86000000,0.00000000,0.00000000,1.88600000,5.44900000
2.72800000,0.13400000,0.92300000,0.00000000,0.00000000,2.10200000,3.42000000
2.82400000,0.22300000,1.00000000,1.00000000,0.00000000,2.10200000,3.36000000
2.97100000,0.97200000,1.25500000,0.00000000,2.00000000,2.05200000,4.56500000
2.47700000,0.40500000,0.87600000,0.00000000,1.00000000,1.70000000,2.47400000
1.97700000,1.11200000,0.88100000,0.00000000,0.00000000,2.37000000,4.79800000
2.43900000,0.93000000,0.92400000,0.00000000,0.00000000,1.74800000,5.00700000
3.04900000,0.76200000,1.25800000,0.00000000,2.00000000,1.99600000,4.36900000
3.78000000,0.00000000,1.18200000,0.00000000,0.00000000,3.85400000,4.93800000
3.21900000,0.81100000,1.15100000,0.00000000,0.00000000,2.60400000,3.39700000
2.49500000,0.56000000,0.83500000,0.00000000,1.00000000,1.64300000,1.96900000
3.02600000,0.40500000,1.78700000,0.00000000,1.00000000,1.37300000,2.55100000
2.87500000,0.58200000,2.31100000,0.00000000,0.00000000,1.58700000,3.07500000
2.12600000,0.83000000,0.89900000,0.00000000,0.00000000,3.47800000,4.26300000
1.63900000,0.83000000,1.44500000,2.00000000,0.00000000,2.08100000,5.05000000
3.66900000,0.48600000,1.37400000,0.00000000,0.00000000,3.29100000,4.61000000
3.60900000,0.81100000,1.20800000,0.00000000,0.00000000,3.29100000,4.46900000
2.33000000,0.93200000,0.93100000,0.00000000,1.00000000,2.52900000,4.55900000
2.54200000,0.42900000,1.89100000,0.00000000,0.00000000,0.56200000,2.12000000
2.45600000,0.33100000,0.87500000,0.00000000,1.00000000,1.29400000,2.26300000
3.18000000,1.28100000,1.24600000,0.00000000,0.00000000,2.49200000,4.96300000
2.48200000,1.30300000,1.41500000,0.00000000,0.00000000,0.57500000,4.91900000
2.71900000,0.89100000,2.29200000,0.00000000,0.00000000,1.94000000,3.28900000
3.02300000,0.56000000,1.16800000,0.00000000,1.00000000,1.75000000,3.37900000
2.25100000,0.63800000,0.87100000,1.00000000,0.00000000,1.61000000,4.02100000
4.88000000,0.13400000,1.85300000,0.00000000,0.00000000,2.21700000,4.77000000
2.08000000,0.89100000,0.81600000,0.00000000,0.00000000,2.72900000,4.41000000
2.87600000,0.92800000,1.37200000,0.00000000,1.00000000,1.73700000,6.14800000
2.25100000,0.63800000,0.87100000,1.00000000,0.00000000,1.61000000,4.17500000
4.13900000,0.49600000,1.43000000,0.00000000,1.00000000,4.20600000,5.76700000
2.12200000,1.62100000,1.51100000,0.00000000,0.00000000,2.64000000,5.67700000
4.06100000,0.13400000,1.65800000,0.00000000,0.00000000,-0.29400000,3.15100000
3.06700000,1.28600000,1.30900000,0.00000000,0.00000000,2.22300000,5.31800000
2.12500000,0.73000000,1.53700000,0.00000000,0.00000000,0.88300000,3.00700000
3.45200000,0.33100000,1.09800000,0.00000000,1.00000000,2.54000000,3.74200000
2.47900000,0.88700000,0.95400000,0.00000000,0.00000000,1.74800000,5.34100000
3.52800000,1.74000000,1.28800000,0.00000000,0.00000000,0.62600000,5.46600000
2.80200000,0.22300000,1.60000000,0.00000000,1.00000000,1.06400000,1.99900000
3.60900000,0.81100000,1.20800000,0.00000000,0.00000000,3.29100000,4.24700000
3.19800000,0.40500000,1.39900000,0.00000000,0.00000000,1.89700000,3.87400000
2.88800000,0.25100000,1.77100000,0.00000000,0.00000000,1.39800000,2.98300000
4.44300000,0.25100000,1.28700000,4.00000000,3.00000000,4.45300000,6.48300000
1.78300000,0.57000000,1.18700000,1.00000000,0.00000000,2.03300000,6.06400000
2.33300000,0.25100000,2.32700000,0.00000000,0.00000000,-0.24100000,3.88400000
3.52600000,0.71100000,1.58600000,0.00000000,3.00000000,1.56900000,3.66000000
3.52600000,0.71100000,1.59600000,0.00000000,3.00000000,0.75700000,3.42300000
2.36600000,0.40500000,1.73500000,0.00000000,0.00000000,-0.53400000,0.24200000
2.50800000,0.58000000,0.94100000,0.00000000,0.00000000,1.70100000,3.79900000
4.43600000,0.76400000,1.22700000,0.00000000,1.00000000,5.25800000,5.41200000
4.35600000,1.02800000,1.22400000,0.00000000,1.00000000,5.74100000,5.75800000
2.18300000,0.93000000,0.84600000,0.00000000,0.00000000,1.39500000,3.66600000
3.01200000,0.22300000,1.02300000,0.00000000,0.00000000,2.19300000,3.75100000
2.50800000,0.58000000,0.94100000,0.00000000,0.00000000,1.70100000,3.79900000
3.10300000,0.13400000,1.01600000,0.00000000,0.00000000,2.19300000,3.21000000
3.05000000,0.40500000,0.86800000,1.00000000,3.00000000,2.23300000,6.19500000
2.58500000,1.58600000,1.35200000,0.00000000,0.00000000,4.09200000,6.55100000
1.96200000,1.34500000,0.78300000,0.00000000,0.00000000,3.61700000,5.35200000
3.14300000,0.13400000,1.64100000,0.00000000,0.00000000,1.20900000,2.26400000
2.80300000,1.50100000,1.12400000,0.00000000,0.00000000,4.05300000,5.38500000
2.12600000,0.97700000,0.77100000,0.00000000,0.00000000,3.79500000,4.76200000
4.53200000,0.40500000,1.18900000,2.00000000,2.00000000,4.63900000,5.54100000
2.52800000,0.58000000,1.29700000,0.00000000,0.00000000,1.53900000,3.02500000
3.10300000,0.13400000,1.01600000,0.00000000,0.00000000,2.19300000,3.65100000
3.17100000,0.13400000,1.18900000,1.00000000,0.00000000,2.42000000,3.56900000
3.10300000,0.13400000,1.01600000,0.00000000,0.00000000,2.19300000,3.22000000
2.45600000,0.64000000,0.93700000,0.00000000,0.00000000,2.46100000,4.28600000
3.26000000,0.25100000,1.28700000,0.00000000,1.00000000,1.99400000,2.74500000
2.80200000,0.22300000,1.60000000,1.00000000,0.00000000,1.06400000,4.42300000
3.08000000,0.22300000,1.58300000,0.00000000,1.00000000,1.44200000,2.36900000
3.04600000,0.00000000,1.33300000,4.00000000,0.00000000,2.35200000,3.61400000
2.21700000,0.65900000,0.78800000,0.00000000,0.00000000,1.75800000,3.72700000
4.25800000,0.22300000,1.53800000,0.00000000,1.00000000,4.50600000,5.74100000
4.71700000,0.22300000,1.28800000,1.00000000,1.00000000,4.80400000,6.38400000
3.14300000,0.13400000,1.64100000,0.00000000,0.00000000,1.20900000,2.48700000
3.42300000,1.19000000,1.99300000,0.00000000,4.00000000,-1.35800000,3.68900000
3.33200000,0.13400000,1.06800000,0.00000000,0.00000000,2.24200000,3.80600000
2.74800000,0.22300000,2.04800000,0.00000000,0.00000000,0.80000000,1.46200000
4.13500000,0.58000000,1.26300000,1.00000000,2.00000000,2.90400000,5.53800000
3.48500000,0.22300000,1.61400000,0.00000000,0.00000000,1.94000000,2.85300000
2.37700000,0.82700000,0.93800000,0.00000000,0.00000000,2.23900000,5.00500000
2.50800000,0.58000000,0.94100000,0.00000000,0.00000000,1.70100000,3.48300000
2.37700000,0.82700000,0.93800000,0.00000000,0.00000000,2.23900000,3.99100000
3.31400000,0.33100000,1.17300000,1.00000000,0.00000000,3.11200000,3.81200000
3.78800000,0.69300000,1.36500000,0.00000000,2.00000000,2.57600000,4.66400000
2.08600000,1.68500000,0.39600000,0.00000000,0.00000000,4.59400000,6.72000000
2.26000000,1.44300000,0.90200000,0.00000000,0.00000000,4.92600000,6.00600000
1.92500000,1.36400000,0.42100000,0.00000000,0.00000000,4.19000000,5.59100000
2.37700000,0.82700000,0.93800000,0.00000000,0.00000000,2.23900000,5.08300000
2.21500000,0.88700000,0.88800000,0.00000000,0.00000000,1.39500000,4.33000000
3.90500000,0.56000000,1.39900000,1.00000000,0.00000000,2.65000000,4.94700000
3.02300000,0.56000000,1.34900000,1.00000000,0.00000000,1.23900000,3.91700000
2.72600000,0.49600000,1.17900000,0.00000000,1.00000000,1.06000000,3.66100000
2.56800000,0.58200000,0.93100000,0.00000000,0.00000000,2.46100000,3.59400000
2.63600000,0.82700000,0.99900000,0.00000000,0.00000000,2.57300000,4.39300000
2.43900000,0.93000000,0.92400000,0.00000000,0.00000000,1.74800000,4.85600000
2.78100000,0.71100000,1.14700000,0.00000000,0.00000000,1.51500000,3.84600000
4.13700000,0.22300000,1.54200000,0.00000000,1.00000000,4.23400000,5.19400000
1.73300000,1.07700000,0.81000000,0.00000000,0.00000000,3.11000000,4.63000000
2.37700000,0.82700000,0.93800000,0.00000000,0.00000000,2.23900000,3.91000000
2.21500000,0.88700000,0.88800000,0.00000000,0.00000000,1.39500000,3.93200000
2.37700000,0.82700000,0.93800000,0.00000000,0.00000000,2.23900000,5.14600000
2.11000000,0.58000000,0.80500000,0.00000000,0.00000000,1.61000000,3.39100000
2.58300000,0.76200000,1.10400000,0.00000000,1.00000000,1.96800000,3.88200000
2.11000000,0.58000000,0.80500000,0.00000000,0.00000000,1.61000000,3.78700000
2.32900000,0.71100000,0.86800000,0.00000000,1.00000000,1.22900000,3.09700000
2.51200000,0.13400000,0.86200000,0.00000000,0.00000000,1.50600000,3.07800000
1.51200000,0.57000000,0.87900000,0.00000000,1.00000000,-0.31700000,2.44500000
2.09200000,1.35900000,2.27300000,1.00000000,1.00000000,1.24600000,4.79600000
1.77400000,0.42900000,2.29900000,0.00000000,0.00000000,-0.41000000,1.89700000
3.05200000,0.63800000,0.90300000,0.00000000,0.00000000,3.23700000,4.90600000
3.31400000,0.33100000,1.39700000,3.00000000,0.00000000,2.04800000,4.47300000
3.55400000,0.62900000,0.94500000,0.00000000,0.00000000,3.31500000,3.45900000
2.72600000,0.49600000,1.17900000,0.00000000,1.00000000,1.06000000,2.12600000
2.98300000,0.49600000,2.10600000,0.00000000,0.00000000,-0.52100000,1.68000000
2.77800000,0.83000000,1.04600000,0.00000000,0.00000000,3.56200000,6.65200000
2.63400000,0.22300000,1.29800000,0.00000000,0.00000000,0.94300000,3.13100000
2.08000000,0.89100000,0.81600000,0.00000000,0.00000000,2.72900000,4.62000000
2.53600000,0.49600000,1.48200000,0.00000000,1.00000000,0.20400000,3.03000000
2.03400000,0.64000000,1.72700000,0.00000000,0.00000000,0.80000000,2.07200000
2.75500000,0.83000000,1.65600000,0.00000000,0.00000000,2.95700000,3.74600000
1.89200000,1.44100000,0.77600000,0.00000000,0.00000000,3.42600000,6.08700000
3.40200000,0.60400000,1.51700000,0.00000000,0.00000000,3.45100000,5.08600000
3.21900000,0.81100000,1.12700000,0.00000000,0.00000000,2.60400000,4.75900000
3.13700000,0.25100000,1.33500000,0.00000000,0.00000000,1.14100000,2.41200000
3.19500000,0.49600000,1.13300000,0.00000000,1.00000000,2.22200000,4.44600000
1.00000000,1.15000000,0.96800000,0.00000000,1.00000000,0.99600000,3.49900000
3.34300000,1.06800000,0.92300000,0.00000000,0.00000000,2.53800000,3.32700000
2.12600000,1.27800000,0.89600000,0.00000000,0.00000000,4.63400000,5.36100000
2.01900000,1.12600000,0.79300000,0.00000000,0.00000000,3.31400000,4.73700000
2.21700000,0.76400000,0.85900000,1.00000000,0.00000000,2.26900000,5.30800000
2.01900000,1.12600000,0.79300000,0.00000000,0.00000000,3.31400000,5.00100000
2.02500000,0.93200000,0.85100000,1.00000000,0.00000000,2.21200000,4.67200000
2.47900000,0.88700000,0.95400000,0.00000000,0.00000000,1.74800000,4.18100000
1.94600000,0.22300000,1.92900000,0.00000000,0.00000000,-0.17200000,0.53400000
3.65100000,1.15100000,0.91100000,0.00000000,2.00000000,2.27800000,4.54000000
3.25200000,0.22300000,1.07700000,0.00000000,0.00000000,2.51000000,4.09300000
2.98700000,1.07600000,0.92100000,0.00000000,1.00000000,3.31800000,6.07700000
3.40500000,0.25100000,1.56000000,0.00000000,0.00000000,1.27200000,4.13200000
2.43000000,0.49600000,0.84900000,0.00000000,1.00000000,1.23700000,3.13300000
2.23300000,1.07000000,0.84100000,1.00000000,0.00000000,3.37700000,5.25100000
2.06500000,1.06200000,0.85200000,0.00000000,0.00000000,2.46300000,4.39900000
2.46900000,0.58200000,0.91300000,0.00000000,0.00000000,2.68800000,4.00200000
3.08000000,0.22300000,1.58300000,1.00000000,0.00000000,1.44200000,3.75700000
1.63400000,0.79800000,1.09300000,0.00000000,0.00000000,0.68000000,2.56900000
3.59600000,0.97200000,0.94100000,0.00000000,1.00000000,4.17900000,4.82800000
1.63400000,0.71300000,1.19000000,0.00000000,0.00000000,0.50100000,2.31900000
3.67500000,1.11200000,1.31400000,0.00000000,1.00000000,3.47400000,4.70600000
3.33300000,0.40500000,0.96300000,1.00000000,0.00000000,2.97400000,4.63200000
2.39600000,0.22300000,1.77800000,0.00000000,0.00000000,0.34700000,0.77800000
2.02600000,0.22300000,1.66700000,0.00000000,1.00000000,0.20200000,0.85500000
1.75100000,0.62900000,1.48300000,0.00000000,0.00000000,-0.31700000,0.36100000
2.18900000,1.58600000,2.00000000,0.00000000,0.00000000,3.29100000,5.24200000
1.33300000,0.75400000,1.14800000,0.00000000,1.00000000,-0.38600000,3.48700000
2.03400000,0.33100000,2.67200000,1.00000000,0.00000000,-0.27300000,0.84100000
0.97300000,0.98800000,1.48900000,0.00000000,1.00000000,0.18000000,2.72500000
3.82800000,1.25900000,0.96600000,1.00000000,2.00000000,4.27900000,8.60400000
3.02900000,0.33100000,2.13000000,0.00000000,1.00000000,0.96700000,1.88500000
3.00300000,0.13400000,1.41300000,0.00000000,0.00000000,2.24200000,2.64700000
3.74000000,0.13400000,1.58100000,0.00000000,0.00000000,2.27400000,4.39600000
2.55500000,1.11000000,1.68600000,0.00000000,0.00000000,0.28900000,2.60100000
3.86000000,0.22300000,1.55000000,0.00000000,1.00000000,3.66100000,4.51000000
3.98000000,0.22300000,1.72300000,0.00000000,0.00000000,2.89400000,4.70300000
1.78300000,0.33100000,1.66700000,0.00000000,0.00000000,0.08700000,1.77700000
2.12600000,0.25100000,1.71900000,0.00000000,0.00000000,0.08700000,2.45800000
4.19100000,0.76200000,2.19500000,0.00000000,0.00000000,1.23900000,2.61800000
3.06500000,0.92300000,1.31700000,0.00000000,0.00000000,1.27100000,2.01500000
3.96100000,0.40500000,1.08300000,1.00000000,0.00000000,3.98700000,5.84200000
3.00500000,1.68300000,0.77400000,0.00000000,0.00000000,4.80400000,7.28700000
4.36000000,0.40500000,1.22800000,1.00000000,2.00000000,4.23500000,6.66500000
3.02700000,0.33100000,1.01100000,0.00000000,1.00000000,1.80700000,3.00900000
2.44800000,0.63800000,0.92100000,0.00000000,0.00000000,1.70100000,3.51300000
3.46100000,0.22300000,1.11100000,0.00000000,1.00000000,2.35700000,3.39300000
4.21900000,1.03300000,0.96300000,0.00000000,1.00000000,4.24600000,9.35400000
2.47900000,0.88700000,0.95400000,0.00000000,0.00000000,1.74800000,4.20800000
3.67600000,0.40500000,1.52400000,0.00000000,1.00000000,2.28900000,3.97600000
3.03300000,0.69300000,1.31200000,1.00000000,0.00000000,1.21000000,4.83200000
2.68400000,0.98800000,1.22600000,0.00000000,1.00000000,3.07600000,4.40400000
2.39600000,0.22300000,1.77800000,0.00000000,0.00000000,0.34700000,1.12100000
2.74800000,0.22300000,1.70500000,0.00000000,0.00000000,0.80000000,1.58900000
3.03500000,0.22300000,1.66200000,0.00000000,0.00000000,1.20900000,2.21700000
2.58500000,0.00000000,0.91700000,0.00000000,0.00000000,2.25500000,3.50200000
1.43900000,1.07900000,1.86700000,0.00000000,0.00000000,2.22600000,3.40200000
3.44400000,0.88000000,1.46600000,0.00000000,3.00000000,1.95000000,4.00400000
5.15800000,0.13400000,1.79100000,0.00000000,0.00000000,3.11800000,6.04000000
2.52600000,0.71300000,1.20100000,1.00000000,0.00000000,2.21300000,3.56100000
3.59300000,1.23600000,1.16600000,0.00000000,0.00000000,4.26800000,7.60700000
3.37600000,1.27800000,0.91500000,0.00000000,0.00000000,5.93400000,4.86200000
3.98000000,0.45200000,2.01300000,0.00000000,0.00000000,-0.02200000,1.81000000
4.30500000,0.22300000,1.34800000,3.00000000,2.00000000,3.90900000,5.19200000
2.92600000,0.58200000,1.93900000,0.00000000,0.00000000,1.54800000,3.04600000
4.16600000,0.13400000,1.55600000,0.00000000,0.00000000,4.09800000,5.91200000
2.93800000,1.38500000,1.22500000,0.00000000,2.00000000,1.02000000,4.59300000
4.53600000,0.22300000,1.29000000,0.00000000,0.00000000,4.90700000,6.63400000
3.13400000,0.22300000,1.31900000,0.00000000,0.00000000,1.79500000,4.80400000
2.16500000,0.13400000,1.91200000,0.00000000,0.00000000,-0.17200000,2.30000000
1.12600000,0.13400000,1.43100000,0.00000000,0.00000000,-0.31700000,1.39900000
1.42900000,0.22300000,1.75000000,1.00000000,0.00000000,-0.31700000,3.07600000
1.42900000,0.22300000,1.80400000,0.00000000,0.00000000,-0.56400000,2.72000000
1.00000000,0.83000000,1.43200000,0.00000000,1.00000000,1.67200000,2.85600000
0.96500000,0.64000000,1.69500000,0.00000000,1.00000000,0.20200000,3.27200000
3.00100000,0.13400000,2.92000000,0.00000000,0.00000000,-2.88400000,2.37500000
2.74800000,0.22300000,1.70500000,0.00000000,0.00000000,0.80000000,1.06300000
1.27900000,0.81100000,1.31300000,0.00000000,0.00000000,0.58000000,2.92500000
3.08000000,0.22300000,1.58300000,0.00000000,1.00000000,1.44200000,3.06100000
1.52300000,1.02800000,1.51200000,0.00000000,1.00000000,0.99600000,2.69300000
1.83200000,1.20900000,1.36400000,0.00000000,0.00000000,-0.79200000,3.82800000
1.70100000,1.44300000,1.90500000,0.00000000,0.00000000,2.95700000,4.44000000
1.09400000,1.23600000,1.46100000,0.00000000,1.00000000,0.99600000,1.91100000
2.93100000,1.71000000,0.93500000,2.00000000,2.00000000,5.12400000,7.01700000
2.12600000,0.83000000,1.45500000,1.00000000,0.00000000,2.45900000,4.18400000
3.64100000,0.33100000,1.93300000,1.00000000,0.00000000,1.97100000,3.24600000
2.13700000,0.22300000,1.17900000,0.00000000,0.00000000,0.65500000,3.84100000
3.51400000,0.00000000,1.37500000,2.00000000,2.00000000,3.03800000,4.46500000
3.66800000,0.13400000,1.13200000,0.00000000,0.00000000,2.50200000,3.78200000
2.63200000,0.42900000,1.17600000,0.00000000,0.00000000,1.07400000,2.97500000
2.46500000,1.58600000,1.00000000,0.00000000,4.00000000,3.55800000,7.59100000
2.33000000,0.58000000,1.77600000,0.00000000,2.00000000,-0.74100000,0.89000000
3.46500000,0.00000000,0.96300000,4.00000000,0.00000000,3.26700000,3.40700000
3.27700000,0.22300000,1.63300000,0.00000000,0.00000000,1.58700000,2.18200000
2.86600000,0.22300000,1.28800000,0.00000000,0.00000000,1.44200000,1.90600000
3.73800000,1.13100000,1.58400000,1.00000000,2.00000000,2.55800000,4.42200000
2.08000000,1.03300000,0.90200000,0.00000000,0.00000000,3.15700000,3.69300000
3.73900000,0.00000000,1.20400000,1.00000000,1.00000000,3.37400000,5.68900000
3.19100000,0.22300000,1.15400000,0.00000000,0.00000000,1.73700000,2.68600000
3.81500000,1.82500000,1.35100000,0.00000000,0.00000000,-0.45000000,4.69100000
4.62800000,1.20900000,1.96800000,0.00000000,0.00000000,2.43700000,4.55100000
3.41000000,0.22300000,1.27800000,1.00000000,2.00000000,1.94700000,2.73700000
2.73900000,0.00000000,1.30000000,1.00000000,1.00000000,1.97400000,2.95300000
2.74800000,0.22300000,1.70500000,0.00000000,0.00000000,0.80000000,1.69100000
2.02400000,0.83000000,1.76100000,0.00000000,0.00000000,2.22600000,2.92800000
2.66500000,0.25100000,1.76200000,0.00000000,0.00000000,-0.53400000,1.81700000
2.74800000,0.22300000,1.70500000,0.00000000,0.00000000,0.80000000,1.30500000
2.46200000,0.22300000,1.62500000,0.00000000,1.00000000,0.65500000,1.35200000
2.37700000,0.33100000,1.73400000,0.00000000,0.00000000,-0.53400000,1.47400000
3.20000000,1.53100000,1.05900000,0.00000000,0.00000000,3.08900000,6.16000000
1.43900000,1.07900000,1.86700000,0.00000000,0.00000000,2.22600000,3.21300000
1.12600000,1.07900000,1.44000000,1.00000000,1.00000000,2.08100000,3.47000000
1.63600000,0.33100000,1.26500000,1.00000000,1.00000000,-0.38000000,2.76600000
2.02400000,0.40500000,2.06500000,0.00000000,1.00000000,0.13300000,2.26900000
1.50000000,1.27800000,1.86800000,0.00000000,0.00000000,2.60400000,3.91600000
3.95700000,0.22300000,1.26900000,2.00000000,3.00000000,2.99800000,4.57700000
3.38300000,1.40800000,0.89200000,0.00000000,0.00000000,4.80400000,5.44000000
3.81900000,0.61500000,0.86400000,0.00000000,0.00000000,4.87800000,3.71500000
3.04400000,1.02800000,0.95900000,1.00000000,0.00000000,3.76200000,5.95000000
3.77600000,0.40500000,0.92000000,0.00000000,0.00000000,3.30600000,4.69100000
3.39000000,0.93400000,0.88900000,0.00000000,0.00000000,4.43600000,5.26400000
3.64500000,0.22300000,1.15500000,0.00000000,0.00000000,3.10500000,4.81000000
3.92100000,0.25100000,1.39800000,0.00000000,0.00000000,1.62200000,3.41600000
3.99300000,0.22300000,1.21400000,1.00000000,0.00000000,3.56300000,4.61100000
2.50700000,0.40500000,1.65200000,0.00000000,2.00000000,0.88800000,2.49500000
4.56600000,0.35700000,1.39400000,4.00000000,1.00000000,3.90300000,6.92300000
2.37700000,1.27800000,0.97400000,0.00000000,0.00000000,4.65800000,5.37200000
2.11800000,0.95600000,2.53900000,0.00000000,0.00000000,-0.40600000,3.84500000
2.52300000,0.56000000,1.60200000,1.00000000,1.00000000,0.05200000,4.38400000
3.36100000,0.22300000,1.34200000,0.00000000,0.00000000,2.12900000,5.48500000
3.70000000,0.22300000,1.55600000,0.00000000,1.00000000,3.35800000,3.97100000
2.81800000,0.83000000,1.38600000,0.00000000,0.00000000,2.89900000,3.92000000
3.46500000,0.00000000,0.80200000,0.00000000,0.00000000,3.95800000,4.98400000
3.00300000,0.13400000,1.03200000,0.00000000,0.00000000,2.15200000,4.17100000
4.26800000,0.91600000,1.19000000,0.00000000,2.00000000,1.93600000,7.84900000
3.26000000,0.40500000,0.92100000,0.00000000,0.00000000,2.78200000,4.57800000
3.42600000,0.85000000,1.79200000,0.00000000,0.00000000,2.59000000,4.37700000
3.88800000,0.69300000,0.97800000,0.00000000,2.00000000,4.63300000,6.60000000
3.47700000,0.69300000,1.34400000,0.00000000,2.00000000,2.57700000,4.11600000
4.05000000,0.69300000,1.38100000,0.00000000,2.00000000,3.61800000,5.49000000
4.05000000,0.69300000,1.38100000,0.00000000,2.00000000,3.61800000,5.36700000
3.55700000,0.33100000,1.30100000,2.00000000,1.00000000,2.20900000,4.71100000
4.07300000,0.69300000,1.17100000,0.00000000,2.00000000,4.09100000,5.22400000
2.74400000,0.49600000,0.75300000,0.00000000,0.00000000,3.01800000,4.28400000
3.25200000,0.13400000,0.87500000,0.00000000,0.00000000,2.85900000,5.29200000
2.81500000,0.56000000,1.58500000,0.00000000,2.00000000,0.43000000,2.75800000
2.03100000,0.85400000,2.59100000,0.00000000,0.00000000,-0.81600000,2.68900000
3.26500000,0.49600000,0.96200000,0.00000000,1.00000000,3.05500000,4.73200000
2.08500000,1.07900000,0.89500000,0.00000000,0.00000000,4.06300000,4.89000000
2.35100000,1.58600000,1.25000000,0.00000000,4.00000000,3.65900000,6.41600000
2.82200000,0.81100000,1.52400000,0.00000000,0.00000000,-2.08900000,0.60000000
3.31500000,0.91600000,1.75300000,0.00000000,2.00000000,-0.43900000,2.50100000
1.41700000,0.89800000,0.64800000,0.00000000,0.00000000,2.04200000,4.42100000
2.11800000,0.93400000,0.91300000,1.00000000,0.00000000,2.95600000,4.98800000
1.92500000,1.16000000,0.80100000,0.00000000,0.00000000,3.31400000,4.49900000
2.53600000,0.42900000,0.87100000,0.00000000,1.00000000,1.23700000,2.53700000
2.43000000,0.49600000,0.94600000,0.00000000,0.00000000,2.24100000,3.56800000
1.82200000,0.82900000,0.83400000,0.00000000,0.00000000,2.50900000,3.73100000
2.12500000,0.63800000,0.83100000,0.00000000,0.00000000,1.34800000,2.93900000
3.09800000,0.93000000,1.07500000,0.00000000,0.00000000,2.70200000,6.23600000
3.26000000,0.81100000,0.70200000,0.00000000,0.00000000,4.41200000,6.29800000
2.98200000,0.49600000,1.15100000,0.00000000,1.00000000,1.78300000,3.52200000
2.01900000,1.12600000,0.79300000,0.00000000,0.00000000,3.31400000,4.73000000
2.50800000,0.58000000,0.94100000,0.00000000,0.00000000,1.70100000,3.78900000
3.46100000,0.22300000,1.12000000,0.00000000,0.00000000,2.81300000,4.67200000
2.23300000,0.64000000,0.92000000,1.00000000,0.00000000,2.37000000,4.75000000
2.47700000,0.40500000,0.87600000,1.00000000,0.00000000,1.66700000,4.72500000
3.39400000,0.00000000,0.86800000,0.00000000,0.00000000,3.67700000,4.19900000
2.93700000,0.49900000,0.80000000,0.00000000,0.00000000,3.94500000,4.84900000
3.01200000,0.22300000,0.76000000,0.00000000,0.00000000,2.63700000,4.53800000
3.31500000,0.22300000,0.79900000,0.00000000,0.00000000,3.12700000,4.50700000
2.11000000,1.15000000,0.72000000,1.00000000,0.00000000,3.15700000,5.51800000
4.27800000,0.40500000,1.34500000,0.00000000,0.00000000,3.54600000,4.66800000
3.17900000,0.00000000,0.80500000,0.00000000,0.00000000,3.38600000,4.32200000
2.83400000,0.13400000,1.00900000,0.00000000,0.00000000,2.06600000,3.44800000
2.44800000,0.63800000,1.12100000,0.00000000,0.00000000,1.70100000,2.90400000
3.92100000,0.13400000,1.78900000,0.00000000,0.00000000,2.50200000,3.86100000
3.53200000,0.13400000,1.51800000,0.00000000,0.00000000,2.81300000,3.95900000
3.58500000,0.33100000,1.49100000,0.00000000,0.00000000,2.22400000,3.53000000
3.08600000,0.94800000,0.75100000,0.00000000,0.00000000,3.58600000,5.10700000
3.46500000,0.00000000,0.83700000,0.00000000,0.00000000,3.87600000,4.80900000
3.31500000,0.22300000,0.79900000,0.00000000,0.00000000,3.12700000,4.44000000
1.85500000,1.17900000,1.44000000,0.00000000,0.00000000,1.58700000,2.83800000
2.86600000,0.22300000,1.28800000,2.00000000,0.00000000,1.33500000,3.41100000
2.13700000,0.22300000,1.17900000,0.00000000,0.00000000,0.65500000,3.28800000
3.03600000,0.40500000,1.20500000,0.00000000,1.00000000,2.35100000,4.24700000
3.11100000,0.40500000,1.05000000,0.00000000,2.00000000,1.75600000,5.16900000
2.67700000,0.33100000,1.58200000,0.00000000,1.00000000,0.58600000,2.89500000
1.96200000,1.34500000,0.78300000,0.00000000,0.00000000,3.61700000,5.34800000
2.44200000,0.93400000,0.98400000,0.00000000,1.00000000,2.99100000,4.20800000
3.17100000,0.13400000,1.01100000,0.00000000,0.00000000,2.18600000,3.98400000
2.98200000,0.49600000,1.15100000,0.00000000,1.00000000,1.78300000,3.66500000
3.87400000,0.63800000,1.35200000,4.00000000,1.00000000,2.57500000,4.56100000
2.43000000,0.49600000,0.83000000,1.00000000,0.00000000,1.13200000,4.62800000
2.43500000,1.11300000,1.10900000,0.00000000,1.00000000,2.35400000,2.83900000
3.24700000,0.87400000,1.22100000,0.00000000,1.00000000,2.65900000,4.26200000
2.92800000,1.11300000,1.18500000,0.00000000,1.00000000,2.92700000,4.14100000
3.23500000,1.13100000,0.99600000,0.00000000,0.00000000,2.72300000,5.35400000
3.17700000,0.62900000,0.87100000,0.00000000,0.00000000,3.31500000,3.36500000
2.49500000,0.56000000,0.83500000,1.00000000,0.00000000,1.09900000,4.02300000
2.23300000,0.57000000,0.88300000,0.00000000,0.00000000,1.50100000,3.32500000
3.17900000,0.00000000,1.06300000,0.00000000,0.00000000,2.94200000,3.81100000
2.72800000,0.22300000,0.95300000,0.00000000,0.00000000,1.85900000,3.89700000
2.62000000,0.49900000,0.99000000,0.00000000,0.00000000,3.21000000,4.23000000
2.12600000,0.83000000,0.89900000,0.00000000,0.00000000,3.47800000,4.19400000
2.21600000,0.58200000,0.83900000,0.00000000,0.00000000,2.12700000,4.35300000
2.62000000,0.28800000,0.83900000,0.00000000,0.00000000,3.04500000,3.75300000
2.83400000,0.13400000,0.95000000,0.00000000,0.00000000,1.85900000,3.12000000
2.08600000,0.64000000,0.83800000,0.00000000,0.00000000,2.12700000,3.99500000
3.40700000,0.00000000,1.11100000,0.00000000,0.00000000,3.25900000,4.19200000
3.01200000,0.22300000,1.02300000,0.00000000,0.00000000,2.19300000,3.92000000
2.47700000,0.83000000,0.98300000,0.00000000,0.00000000,3.79500000,4.54000000
2.47700000,0.83000000,0.98300000,0.00000000,0.00000000,3.79500000,4.74300000
2.08000000,0.89100000,0.81600000,0.00000000,0.00000000,2.72900000,4.33200000
2.88800000,0.25100000,0.94400000,0.00000000,0.00000000,1.24600000,1.93500000
2.08000000,0.89100000,0.81600000,0.00000000,0.00000000,2.72900000,4.98900000
2.12600000,1.27800000,0.89600000,0.00000000,0.00000000,4.63400000,5.81500000
1.92500000,1.16000000,0.80100000,0.00000000,0.00000000,3.31400000,5.19200000
3.69000000,0.22300000,0.88300000,0.00000000,0.00000000,3.88700000,6.64400000
3.81400000,0.33100000,1.22500000,0.00000000,1.00000000,3.34500000,3.69800000
2.88800000,0.40500000,1.47200000,1.00000000,2.00000000,1.52200000,5.10500000
2.82400000,0.22300000,1.05100000,0.00000000,0.00000000,1.53300000,4.05000000
1.85500000,1.06700000,1.24400000,0.00000000,0.00000000,1.58700000,3.48700000
2.80200000,0.22300000,1.60000000,1.00000000,0.00000000,1.06400000,3.93700000
1.92000000,1.07900000,1.73800000,0.00000000,0.00000000,2.60400000,3.40800000
2.80200000,0.22300000,1.60000000,0.00000000,1.00000000,1.06400000,1.74800000
2.43500000,0.33100000,1.53200000,0.00000000,1.00000000,0.58600000,2.01400000
3.61100000,0.33100000,2.01700000,0.00000000,0.00000000,1.39300000,2.85900000
2.21500000,0.88700000,0.88800000,0.00000000,0.00000000,1.39500000,4.08400000
3.16000000,1.02800000,0.80900000,0.00000000,0.00000000,3.84200000,5.93900000
3.26000000,0.40500000,1.15100000,1.00000000,0.00000000,2.11000000,3.83500000
1.96500000,0.40500000,1.16900000,1.00000000,0.00000000,-0.14500000,3.66000000
1.78300000,0.62900000,0.75000000,1.00000000,0.00000000,0.73600000,3.46000000
2.34800000,0.76200000,0.85000000,0.00000000,0.00000000,2.62100000,3.76900000
3.46100000,0.22300000,1.12000000,0.00000000,0.00000000,2.81300000,4.46300000
3.40700000,0.00000000,1.11100000,0.00000000,0.00000000,3.25900000,4.27900000
2.82400000,0.22300000,1.00000000,0.00000000,1.00000000,2.10200000,2.87000000
2.23300000,0.64000000,0.92000000,0.00000000,1.00000000,2.10200000,3.61500000
2.08000000,0.49600000,0.85800000,0.00000000,0.00000000,1.88700000,3.02200000
2.43400000,1.17000000,0.99600000,1.00000000,0.00000000,1.39100000,3.57500000
2.76500000,0.33100000,0.95100000,0.00000000,1.00000000,1.49000000,2.55000000
2.43000000,0.49600000,0.94600000,0.00000000,0.00000000,2.24100000,3.66000000
2.25200000,1.07500000,0.88500000,0.00000000,0.00000000,2.00500000,5.30300000
2.50800000,0.58000000,0.94100000,0.00000000,0.00000000,1.70100000,3.24200000
2.50800000,0.58000000,0.94100000,0.00000000,0.00000000,1.70100000,3.34500000
2.25100000,0.63800000,0.87100000,1.00000000,0.00000000,1.61000000,4.41600000
2.09400000,0.82700000,0.86000000,0.00000000,0.00000000,1.88600000,4.23900000
3.73900000,0.00000000,1.25000000,2.00000000,2.00000000,3.26700000,4.63800000
3.33200000,0.13400000,1.51900000,0.00000000,0.00000000,2.51000000,3.41500000
2.43000000,0.49600000,0.94600000,0.00000000,0.00000000,2.24100000,3.44100000
2.81500000,0.56000000,1.58500000,1.00000000,1.00000000,0.43000000,4.59000000
1.50000000,0.40500000,1.66900000,0.00000000,1.00000000,-0.38600000,2.66100000
3.12600000,0.69300000,1.69000000,2.00000000,2.00000000,1.02400000,4.28200000
3.86000000,0.22300000,1.42900000,0.00000000,0.00000000,2.50200000,3.91900000
1.81400000,1.31600000,1.07400000,0.00000000,1.00000000,1.11900000,3.35000000
3.69000000,1.15900000,1.29500000,0.00000000,2.00000000,4.44900000,5.74900000
4.21100000,0.93200000,1.04500000,0.00000000,1.00000000,4.83200000,8.91600000
2.16000000,1.16000000,1.60700000,0.00000000,0.00000000,1.94000000,3.13000000
4.32700000,0.56000000,1.25400000,2.00000000,5.00000000,3.39900000,6.68300000
3.05700000,1.63600000,0.99500000,0.00000000,2.00000000,4.45200000,8.43300000
3.40100000,0.73200000,1.18500000,0.00000000,1.00000000,2.79100000,3.52900000
2.08600000,1.50100000,0.76600000,0.00000000,0.00000000,3.90900000,6.09300000
3.08000000,0.22300000,1.46200000,2.00000000,0.00000000,1.44200000,2.49400000
3.41000000,0.13400000,1.72200000,0.00000000,0.00000000,-1.17400000,3.01700000
3.10100000,1.53500000,1.32600000,0.00000000,1.00000000,1.65500000,6.23800000
3.59900000,0.70200000,1.51400000,2.00000000,1.00000000,3.24700000,6.18300000
2.98600000,0.96100000,1.66900000,0.00000000,4.00000000,1.79800000,3.15200000
2.80400000,1.11000000,0.61800000,0.00000000,6.00000000,1.31700000,6.25400000
3.67000000,0.72800000,2.11000000,0.00000000,3.00000000,2.28800000,2.96400000
3.47500000,0.40500000,0.87500000,1.00000000,2.00000000,3.14800000,4.80300000
2.80100000,0.72800000,2.22600000,0.00000000,2.00000000,0.73600000,3.10900000
3.65200000,0.87200000,0.86700000,2.00000000,3.00000000,3.98300000,4.04000000
3.76300000,0.91600000,0.87800000,0.00000000,6.00000000,2.91800000,4.81800000
2.83100000,1.39300000,1.07700000,0.00000000,1.00000000,0.90600000,5.31700000
4.05700000,1.03200000,1.18300000,1.00000000,3.00000000,4.75400000,8.20100000
